            univ_name,univ_dept,univ_img
서울대학교,언어학과,https://firebasestorage.googleapis.com/v0/b/ipsi-f2028.firebasestorage.app/o/firebase%2Funiv%2Fseoul.jpg?alt=media
서울대학교,국어국문학과,https://firebasestorage.googleapis.com/v0/b/ipsi-f2028.firebasestorage.app/o/firebase%2Funiv%2Fseoul.jpg?alt=media
서울대학교,중어중문학과,https://firebasestorage.googleapis.com/v0/b/ipsi-f2028.firebasestorage.app/o/firebase%2Funiv%2Fseoul.jpg?alt=media
서울대학교,아시아언어문명학부,https://firebasestorage.googleapis.com/v0/b/ipsi-f2028.firebasestorage.app/o/firebase%2Funiv%2Fseoul.jpg?alt=media
서울대학교,영어영문학과,https://firebasestorage.googleapis.com/v0/b/ipsi-f2028.firebasestorage.app/o/firebase%2Funiv%2Fseoul.jpg?alt=media
서울대학교,독어독문학과,https://firebasestorage.googleapis.com/v0/b/ipsi-f2028.firebasestorage.app/o/firebase%2Funiv%2Fseoul.jpg?alt=media
서울대학교,노어노문학과,https://firebasestorage.googleapis.com/v0/b/ipsi-f2028.firebasestorage.app/o/firebase%2Funiv%2Fseoul.jpg?alt=media
서울대학교,서어서문학과,https://firebasestorage.googleapis.com/v0/b/ipsi-f2028.firebasestorage.app/o/firebase%2Funiv%2Fseoul.jpg?alt=media
서울대학교,불어불문학과,https://firebasestorage.googleapis.com/v0/b/ipsi-f2028.firebasestorage.app/o/firebase%2Funiv%2Fseoul.jpg?alt=media
서울대학교,고고미술사학과,https://firebasestorage.googleapis.com/v0/b/ipsi-f2028.firebasestorage.app/o/firebase%2Funiv%2Fseoul.jpg?alt=media
서울대학교,인류학과,https://firebasestorage.googleapis.com/v0/b/ipsi-f2028.firebasestorage.app/o/firebase%2Funiv%2Fseoul.jpg?alt=media
서울대학교,심리학과,https://firebasestorage.googleapis.com/v0/b/ipsi-f2028.firebasestorage.app/o/firebase%2Funiv%2Fseoul.jpg?alt=media
서울대학교,국사학과,https://firebasestorage.googleapis.com/v0/b/ipsi-f2028.firebasestorage.app/o/firebase%2Funiv%2Fseoul.jpg?alt=media
서울대학교,동양사학과,https://firebasestorage.googleapis.com/v0/b/ipsi-f2028.firebasestorage.app/o/firebase%2Funiv%2Fseoul.jpg?alt=media
서울대학교,서양사학과,https://firebasestorage.googleapis.com/v0/b/ipsi-f2028.firebasestorage.app/o/firebase%2Funiv%2Fseoul.jpg?alt=media
서울대학교,역사학부,https://firebasestorage.googleapis.com/v0/b/ipsi-f2028.firebasestorage.app/o/firebase%2Funiv%2Fseoul.jpg?alt=media
서울대학교,종교학과,https://firebasestorage.googleapis.com/v0/b/ipsi-f2028.firebasestorage.app/o/firebase%2Funiv%2Fseoul.jpg?alt=media
서울대학교,미학과,https://firebasestorage.googleapis.com/v0/b/ipsi-f2028.firebasestorage.app/o/firebase%2Funiv%2Fseoul.jpg?alt=media
서울대학교,철학과,https://firebasestorage.googleapis.com/v0/b/ipsi-f2028.firebasestorage.app/o/firebase%2Funiv%2Fseoul.jpg?alt=media
서울대학교,인문계열,https://firebasestorage.googleapis.com/v0/b/ipsi-f2028.firebasestorage.app/o/firebase%2Funiv%2Fseoul.jpg?alt=media
서울대학교,자유전공학부,https://firebasestorage.googleapis.com/v0/b/ipsi-f2028.firebasestorage.app/o/firebase%2Funiv%2Fseoul.jpg?alt=media
서울대학교,경영대학,https://firebasestorage.googleapis.com/v0/b/ipsi-f2028.firebasestorage.app/o/firebase%2Funiv%2Fseoul.jpg?alt=media
서울대학교,경영학과,https://firebasestorage.googleapis.com/v0/b/ipsi-f2028.firebasestorage.app/o/firebase%2Funiv%2Fseoul.jpg?alt=media
서울대학교,경제학부,https://firebasestorage.googleapis.com/v0/b/ipsi-f2028.firebasestorage.app/o/firebase%2Funiv%2Fseoul.jpg?alt=media
서울대학교,농경제사회학부,https://firebasestorage.googleapis.com/v0/b/ipsi-f2028.firebasestorage.app/o/firebase%2Funiv%2Fseoul.jpg?alt=media
서울대학교,사회복지학과,https://firebasestorage.googleapis.com/v0/b/ipsi-f2028.firebasestorage.app/o/firebase%2Funiv%2Fseoul.jpg?alt=media
서울대학교,사회학과,https://firebasestorage.googleapis.com/v0/b/ipsi-f2028.firebasestorage.app/o/firebase%2Funiv%2Fseoul.jpg?alt=media
서울대학교,언론정보학과,https://firebasestorage.googleapis.com/v0/b/ipsi-f2028.firebasestorage.app/o/firebase%2Funiv%2Fseoul.jpg?alt=media
서울대학교,정치외교학부(정치학전공),https://firebasestorage.googleapis.com/v0/b/ipsi-f2028.firebasestorage.app/o/firebase%2Funiv%2Fseoul.jpg?alt=media
서울대학교,정치외교학부(외교학전공),https://firebasestorage.googleapis.com/v0/b/ipsi-f2028.firebasestorage.app/o/firebase%2Funiv%2Fseoul.jpg?alt=media
서울대학교,사회과학계열,https://firebasestorage.googleapis.com/v0/b/ipsi-f2028.firebasestorage.app/o/firebase%2Funiv%2Fseoul.jpg?alt=media
서울대학교,교육학과,https://firebasestorage.googleapis.com/v0/b/ipsi-f2028.firebasestorage.app/o/firebase%2Funiv%2Fseoul.jpg?alt=media
서울대학교,국어교육과,https://firebasestorage.googleapis.com/v0/b/ipsi-f2028.firebasestorage.app/o/firebase%2Funiv%2Fseoul.jpg?alt=media
서울대학교,독어교육과,https://firebasestorage.googleapis.com/v0/b/ipsi-f2028.firebasestorage.app/o/firebase%2Funiv%2Fseoul.jpg?alt=media
서울대학교,불어교육과,https://firebasestorage.googleapis.com/v0/b/ipsi-f2028.firebasestorage.app/o/firebase%2Funiv%2Fseoul.jpg?alt=media
서울대학교,영어교육과,https://firebasestorage.googleapis.com/v0/b/ipsi-f2028.firebasestorage.app/o/firebase%2Funiv%2Fseoul.jpg?alt=media
서울대학교,윤리교육과,https://firebasestorage.googleapis.com/v0/b/ipsi-f2028.firebasestorage.app/o/firebase%2Funiv%2Fseoul.jpg?alt=media
서울대학교,사회교육과,https://firebasestorage.googleapis.com/v0/b/ipsi-f2028.firebasestorage.app/o/firebase%2Funiv%2Fseoul.jpg?alt=media
서울대학교,역사교육과,https://firebasestorage.googleapis.com/v0/b/ipsi-f2028.firebasestorage.app/o/firebase%2Funiv%2Fseoul.jpg?alt=media
서울대학교,지리교육과,https://firebasestorage.googleapis.com/v0/b/ipsi-f2028.firebasestorage.app/o/firebase%2Funiv%2Fseoul.jpg?alt=media
서울대학교,물리교육과,https://firebasestorage.googleapis.com/v0/b/ipsi-f2028.firebasestorage.app/o/firebase%2Funiv%2Fseoul.jpg?alt=media
서울대학교,생물교육과,https://firebasestorage.googleapis.com/v0/b/ipsi-f2028.firebasestorage.app/o/firebase%2Funiv%2Fseoul.jpg?alt=media
서울대학교,수학교육과,https://firebasestorage.googleapis.com/v0/b/ipsi-f2028.firebasestorage.app/o/firebase%2Funiv%2Fseoul.jpg?alt=media
서울대학교,지구과학교육과,https://firebasestorage.googleapis.com/v0/b/ipsi-f2028.firebasestorage.app/o/firebase%2Funiv%2Fseoul.jpg?alt=media
서울대학교,화학교육과,https://firebasestorage.googleapis.com/v0/b/ipsi-f2028.firebasestorage.app/o/firebase%2Funiv%2Fseoul.jpg?alt=media
서울대학교,체육교육과,https://firebasestorage.googleapis.com/v0/b/ipsi-f2028.firebasestorage.app/o/firebase%2Funiv%2Fseoul.jpg?alt=media
서울대학교,건축학과(건축공학전공),https://firebasestorage.googleapis.com/v0/b/ipsi-f2028.firebasestorage.app/o/firebase%2Funiv%2Fseoul.jpg?alt=media
서울대학교,건축학과(건축학전공(5년)),https://firebasestorage.googleapis.com/v0/b/ipsi-f2028.firebasestorage.app/o/firebase%2Funiv%2Fseoul.jpg?alt=media
서울대학교,건설환경공학부,https://firebasestorage.googleapis.com/v0/b/ipsi-f2028.firebasestorage.app/o/firebase%2Funiv%2Fseoul.jpg?alt=media
서울대학교,기계항공공학부,https://firebasestorage.googleapis.com/v0/b/ipsi-f2028.firebasestorage.app/o/firebase%2Funiv%2Fseoul.jpg?alt=media
서울대학교,항공우주공학과,https://firebasestorage.googleapis.com/v0/b/ipsi-f2028.firebasestorage.app/o/firebase%2Funiv%2Fseoul.jpg?alt=media
서울대학교,조선해양공학과,https://firebasestorage.googleapis.com/v0/b/ipsi-f2028.firebasestorage.app/o/firebase%2Funiv%2Fseoul.jpg?alt=media
서울대학교,기계항공공학부(기계공학전공),https://firebasestorage.googleapis.com/v0/b/ipsi-f2028.firebasestorage.app/o/firebase%2Funiv%2Fseoul.jpg?alt=media
서울대학교,기계항공공학부(우주항공공학전공),https://firebasestorage.googleapis.com/v0/b/ipsi-f2028.firebasestorage.app/o/firebase%2Funiv%2Fseoul.jpg?alt=media
서울대학교,전기ㆍ정보공학부,https://firebasestorage.googleapis.com/v0/b/ipsi-f2028.firebasestorage.app/o/firebase%2Funiv%2Fseoul.jpg?alt=media
서울대학교,원자핵공학과,https://firebasestorage.googleapis.com/v0/b/ipsi-f2028.firebasestorage.app/o/firebase%2Funiv%2Fseoul.jpg?alt=media
서울대학교,에너지자원공학과,https://firebasestorage.googleapis.com/v0/b/ipsi-f2028.firebasestorage.app/o/firebase%2Funiv%2Fseoul.jpg?alt=media
서울대학교,재료공학부,https://firebasestorage.googleapis.com/v0/b/ipsi-f2028.firebasestorage.app/o/firebase%2Funiv%2Fseoul.jpg?alt=media
서울대학교,컴퓨터공학부,https://firebasestorage.googleapis.com/v0/b/ipsi-f2028.firebasestorage.app/o/firebase%2Funiv%2Fseoul.jpg?alt=media
서울대학교,산업공학과,https://firebasestorage.googleapis.com/v0/b/ipsi-f2028.firebasestorage.app/o/firebase%2Funiv%2Fseoul.jpg?alt=media
서울대학교,(공과대학)광역,https://firebasestorage.googleapis.com/v0/b/ipsi-f2028.firebasestorage.app/o/firebase%2Funiv%2Fseoul.jpg?alt=media
서울대학교,첨단융합학부,https://firebasestorage.googleapis.com/v0/b/ipsi-f2028.firebasestorage.app/o/firebase%2Funiv%2Fseoul.jpg?alt=media
서울대학교,산림과학부,https://firebasestorage.googleapis.com/v0/b/ipsi-f2028.firebasestorage.app/o/firebase%2Funiv%2Fseoul.jpg?alt=media
서울대학교,생명과학부,https://firebasestorage.googleapis.com/v0/b/ipsi-f2028.firebasestorage.app/o/firebase%2Funiv%2Fseoul.jpg?alt=media
서울대학교,식품ㆍ동물생명공학부,https://firebasestorage.googleapis.com/v0/b/ipsi-f2028.firebasestorage.app/o/firebase%2Funiv%2Fseoul.jpg?alt=media
서울대학교,바이오시스템·소재학부,https://firebasestorage.googleapis.com/v0/b/ipsi-f2028.firebasestorage.app/o/firebase%2Funiv%2Fseoul.jpg?alt=media
서울대학교,식물생산과학부,https://firebasestorage.googleapis.com/v0/b/ipsi-f2028.firebasestorage.app/o/firebase%2Funiv%2Fseoul.jpg?alt=media
서울대학교,응용생물화학부,https://firebasestorage.googleapis.com/v0/b/ipsi-f2028.firebasestorage.app/o/firebase%2Funiv%2Fseoul.jpg?alt=media
서울대학교,화학생물공학부,https://firebasestorage.googleapis.com/v0/b/ipsi-f2028.firebasestorage.app/o/firebase%2Funiv%2Fseoul.jpg?alt=media
서울대학교,수의예과,https://firebasestorage.googleapis.com/v0/b/ipsi-f2028.firebasestorage.app/o/firebase%2Funiv%2Fseoul.jpg?alt=media
서울대학교,수의학과,https://firebasestorage.googleapis.com/v0/b/ipsi-f2028.firebasestorage.app/o/firebase%2Funiv%2Fseoul.jpg?alt=media
서울대학교,화학부,https://firebasestorage.googleapis.com/v0/b/ipsi-f2028.firebasestorage.app/o/firebase%2Funiv%2Fseoul.jpg?alt=media
서울대학교,지구환경과학부,https://firebasestorage.googleapis.com/v0/b/ipsi-f2028.firebasestorage.app/o/firebase%2Funiv%2Fseoul.jpg?alt=media
서울대학교,지구환경시스템공학부,https://firebasestorage.googleapis.com/v0/b/ipsi-f2028.firebasestorage.app/o/firebase%2Funiv%2Fseoul.jpg?alt=media
서울대학교,조경ㆍ지역시스템공학부,https://firebasestorage.googleapis.com/v0/b/ipsi-f2028.firebasestorage.app/o/firebase%2Funiv%2Fseoul.jpg?alt=media
서울대학교,소비자아동학부(소비자학전공),https://firebasestorage.googleapis.com/v0/b/ipsi-f2028.firebasestorage.app/o/firebase%2Funiv%2Fseoul.jpg?alt=media
서울대학교,소비자아동학부(아동가족학전공),https://firebasestorage.googleapis.com/v0/b/ipsi-f2028.firebasestorage.app/o/firebase%2Funiv%2Fseoul.jpg?alt=media
서울대학교,식품영양학과,https://firebasestorage.googleapis.com/v0/b/ipsi-f2028.firebasestorage.app/o/firebase%2Funiv%2Fseoul.jpg?alt=media
서울대학교,의류학과,https://firebasestorage.googleapis.com/v0/b/ipsi-f2028.firebasestorage.app/o/firebase%2Funiv%2Fseoul.jpg?alt=media
서울대학교,수리과학부,https://firebasestorage.googleapis.com/v0/b/ipsi-f2028.firebasestorage.app/o/firebase%2Funiv%2Fseoul.jpg?alt=media
서울대학교,통계학과,https://firebasestorage.googleapis.com/v0/b/ipsi-f2028.firebasestorage.app/o/firebase%2Funiv%2Fseoul.jpg?alt=media
서울대학교,물리ㆍ천문학부(물리학전공),https://firebasestorage.googleapis.com/v0/b/ipsi-f2028.firebasestorage.app/o/firebase%2Funiv%2Fseoul.jpg?alt=media
서울대학교,물리ㆍ천문학부(천문학전공),https://firebasestorage.googleapis.com/v0/b/ipsi-f2028.firebasestorage.app/o/firebase%2Funiv%2Fseoul.jpg?alt=media
서울대학교,지리학과,https://firebasestorage.googleapis.com/v0/b/ipsi-f2028.firebasestorage.app/o/firebase%2Funiv%2Fseoul.jpg?alt=media
서울대학교,의예과,https://firebasestorage.googleapis.com/v0/b/ipsi-f2028.firebasestorage.app/o/firebase%2Funiv%2Fseoul.jpg?alt=media
서울대학교,간호학과,https://firebasestorage.googleapis.com/v0/b/ipsi-f2028.firebasestorage.app/o/firebase%2Funiv%2Fseoul.jpg?alt=media
서울대학교,약학과,https://firebasestorage.googleapis.com/v0/b/ipsi-f2028.firebasestorage.app/o/firebase%2Funiv%2Fseoul.jpg?alt=media
서울대학교,제약학과,https://firebasestorage.googleapis.com/v0/b/ipsi-f2028.firebasestorage.app/o/firebase%2Funiv%2Fseoul.jpg?alt=media
서울대학교,제약학과(2+4학제),https://firebasestorage.googleapis.com/v0/b/ipsi-f2028.firebasestorage.app/o/firebase%2Funiv%2Fseoul.jpg?alt=media
서울대학교,약학과(2+4년제),https://firebasestorage.googleapis.com/v0/b/ipsi-f2028.firebasestorage.app/o/firebase%2Funiv%2Fseoul.jpg?alt=media
서울대학교,약학기본과정(2+4학제),https://firebasestorage.googleapis.com/v0/b/ipsi-f2028.firebasestorage.app/o/firebase%2Funiv%2Fseoul.jpg?alt=media
서울대학교,약학계열(6년제),https://firebasestorage.googleapis.com/v0/b/ipsi-f2028.firebasestorage.app/o/firebase%2Funiv%2Fseoul.jpg?alt=media
서울대학교,디자인과,https://firebasestorage.googleapis.com/v0/b/ipsi-f2028.firebasestorage.app/o/firebase%2Funiv%2Fseoul.jpg?alt=media
서울대학교,공예과,https://firebasestorage.googleapis.com/v0/b/ipsi-f2028.firebasestorage.app/o/firebase%2Funiv%2Fseoul.jpg?alt=media
서울대학교,동양화과,https://firebasestorage.googleapis.com/v0/b/ipsi-f2028.firebasestorage.app/o/firebase%2Funiv%2Fseoul.jpg?alt=media
서울대학교,서양화과,https://firebasestorage.googleapis.com/v0/b/ipsi-f2028.firebasestorage.app/o/firebase%2Funiv%2Fseoul.jpg?alt=media
서울대학교,조소과,https://firebasestorage.googleapis.com/v0/b/ipsi-f2028.firebasestorage.app/o/firebase%2Funiv%2Fseoul.jpg?alt=media
서울대학교,음악학과,https://firebasestorage.googleapis.com/v0/b/ipsi-f2028.firebasestorage.app/o/firebase%2Funiv%2Fseoul.jpg?alt=media
서울대학교,국악과,https://firebasestorage.googleapis.com/v0/b/ipsi-f2028.firebasestorage.app/o/firebase%2Funiv%2Fseoul.jpg?alt=media
서울대학교,관현악과,https://firebasestorage.googleapis.com/v0/b/ipsi-f2028.firebasestorage.app/o/firebase%2Funiv%2Fseoul.jpg?alt=media
서울대학교,피아노과,https://firebasestorage.googleapis.com/v0/b/ipsi-f2028.firebasestorage.app/o/firebase%2Funiv%2Fseoul.jpg?alt=media
서울대학교,성악과,https://firebasestorage.googleapis.com/v0/b/ipsi-f2028.firebasestorage.app/o/firebase%2Funiv%2Fseoul.jpg?alt=media
서울대학교,작곡과(이론전공),https://firebasestorage.googleapis.com/v0/b/ipsi-f2028.firebasestorage.app/o/firebase%2Funiv%2Fseoul.jpg?alt=media
서울대학교,작곡과(작곡전공),https://firebasestorage.googleapis.com/v0/b/ipsi-f2028.firebasestorage.app/o/firebase%2Funiv%2Fseoul.jpg?alt=media
서울대학교,의학과,https://firebasestorage.googleapis.com/v0/b/ipsi-f2028.firebasestorage.app/o/firebase%2Funiv%2Fseoul.jpg?alt=media
서울대학교,간호학과,https://firebasestorage.googleapis.com/v0/b/ipsi-f2028.firebasestorage.app/o/firebase%2Funiv%2Fseoul.jpg?alt=media
연세대학교,국어국문학과,https://firebasestorage.googleapis.com/v0/b/ipsi-f2028.firebasestorage.app/o/firebase%2Funiv%2Fyonsei.jpg?alt=media
연세대학교,한국언어문화교육전공,https://firebasestorage.googleapis.com/v0/b/ipsi-f2028.firebasestorage.app/o/firebase%2Funiv%2Fyonsei.jpg?alt=media
연세대학교,중어중문학과,https://firebasestorage.googleapis.com/v0/b/ipsi-f2028.firebasestorage.app/o/firebase%2Funiv%2Fyonsei.jpg?alt=media
연세대학교,영어영문학과,https://firebasestorage.googleapis.com/v0/b/ipsi-f2028.firebasestorage.app/o/firebase%2Funiv%2Fyonsei.jpg?alt=media
연세대학교,독어독문학과,https://firebasestorage.googleapis.com/v0/b/ipsi-f2028.firebasestorage.app/o/firebase%2Funiv%2Fyonsei.jpg?alt=media
연세대학교,노어노문학과,https://firebasestorage.googleapis.com/v0/b/ipsi-f2028.firebasestorage.app/o/firebase%2Funiv%2Fyonsei.jpg?alt=media
연세대학교,불어불문학과,https://firebasestorage.googleapis.com/v0/b/ipsi-f2028.firebasestorage.app/o/firebase%2Funiv%2Fyonsei.jpg?alt=media
연세대학교,언더우드 비교문학과문화전공,https://firebasestorage.googleapis.com/v0/b/ipsi-f2028.firebasestorage.app/o/firebase%2Funiv%2Fyonsei.jpg?alt=media
연세대학교,문헌정보학과,https://firebasestorage.googleapis.com/v0/b/ipsi-f2028.firebasestorage.app/o/firebase%2Funiv%2Fyonsei.jpg?alt=media
연세대학교,문화인류학과,https://firebasestorage.googleapis.com/v0/b/ipsi-f2028.firebasestorage.app/o/firebase%2Funiv%2Fyonsei.jpg?alt=media
연세대학교,한국문화·통상전공,https://firebasestorage.googleapis.com/v0/b/ipsi-f2028.firebasestorage.app/o/firebase%2Funiv%2Fyonsei.jpg?alt=media
연세대학교,한국문화전공,https://firebasestorage.googleapis.com/v0/b/ipsi-f2028.firebasestorage.app/o/firebase%2Funiv%2Fyonsei.jpg?alt=media
연세대학교,문화ㆍ미디어전공,https://firebasestorage.googleapis.com/v0/b/ipsi-f2028.firebasestorage.app/o/firebase%2Funiv%2Fyonsei.jpg?alt=media
연세대학교,심리학과,https://firebasestorage.googleapis.com/v0/b/ipsi-f2028.firebasestorage.app/o/firebase%2Funiv%2Fyonsei.jpg?alt=media
연세대학교,사학과,https://firebasestorage.googleapis.com/v0/b/ipsi-f2028.firebasestorage.app/o/firebase%2Funiv%2Fyonsei.jpg?alt=media
연세대학교,신학과,https://firebasestorage.googleapis.com/v0/b/ipsi-f2028.firebasestorage.app/o/firebase%2Funiv%2Fyonsei.jpg?alt=media
연세대학교,언더우드 국제학전공,https://firebasestorage.googleapis.com/v0/b/ipsi-f2028.firebasestorage.app/o/firebase%2Funiv%2Fyonsei.jpg?alt=media
연세대학교,철학과,https://firebasestorage.googleapis.com/v0/b/ipsi-f2028.firebasestorage.app/o/firebase%2Funiv%2Fyonsei.jpg?alt=media
연세대학교,언더우드학부,https://firebasestorage.googleapis.com/v0/b/ipsi-f2028.firebasestorage.app/o/firebase%2Funiv%2Fyonsei.jpg?alt=media
연세대학교,경영학과,https://firebasestorage.googleapis.com/v0/b/ipsi-f2028.firebasestorage.app/o/firebase%2Funiv%2Fyonsei.jpg?alt=media
연세대학교,경제학부,https://firebasestorage.googleapis.com/v0/b/ipsi-f2028.firebasestorage.app/o/firebase%2Funiv%2Fyonsei.jpg?alt=media
연세대학교,경제학전공,https://firebasestorage.googleapis.com/v0/b/ipsi-f2028.firebasestorage.app/o/firebase%2Funiv%2Fyonsei.jpg?alt=media
연세대학교,언더우드 경제학전공,https://firebasestorage.googleapis.com/v0/b/ipsi-f2028.firebasestorage.app/o/firebase%2Funiv%2Fyonsei.jpg?alt=media
연세대학교,언론홍보영상학부,https://firebasestorage.googleapis.com/v0/b/ipsi-f2028.firebasestorage.app/o/firebase%2Funiv%2Fyonsei.jpg?alt=media
연세대학교,국제통상전공,https://firebasestorage.googleapis.com/v0/b/ipsi-f2028.firebasestorage.app/o/firebase%2Funiv%2Fyonsei.jpg?alt=media
연세대학교,사회복지학과,https://firebasestorage.googleapis.com/v0/b/ipsi-f2028.firebasestorage.app/o/firebase%2Funiv%2Fyonsei.jpg?alt=media
연세대학교,사회학과,https://firebasestorage.googleapis.com/v0/b/ipsi-f2028.firebasestorage.app/o/firebase%2Funiv%2Fyonsei.jpg?alt=media
연세대학교,문화미디어전공,https://firebasestorage.googleapis.com/v0/b/ipsi-f2028.firebasestorage.app/o/firebase%2Funiv%2Fyonsei.jpg?alt=media
연세대학교,정치외교학과,https://firebasestorage.googleapis.com/v0/b/ipsi-f2028.firebasestorage.app/o/firebase%2Funiv%2Fyonsei.jpg?alt=media
연세대학교,언더우드 정치외교학전공,https://firebasestorage.googleapis.com/v0/b/ipsi-f2028.firebasestorage.app/o/firebase%2Funiv%2Fyonsei.jpg?alt=media
연세대학교,행정학과,https://firebasestorage.googleapis.com/v0/b/ipsi-f2028.firebasestorage.app/o/firebase%2Funiv%2Fyonsei.jpg?alt=media
연세대학교,글로벌인재학부,https://firebasestorage.googleapis.com/v0/b/ipsi-f2028.firebasestorage.app/o/firebase%2Funiv%2Fyonsei.jpg?alt=media
연세대학교,교육학과,https://firebasestorage.googleapis.com/v0/b/ipsi-f2028.firebasestorage.app/o/firebase%2Funiv%2Fyonsei.jpg?alt=media
연세대학교,체육교육학과,https://firebasestorage.googleapis.com/v0/b/ipsi-f2028.firebasestorage.app/o/firebase%2Funiv%2Fyonsei.jpg?alt=media
연세대학교,건축공학과,https://firebasestorage.googleapis.com/v0/b/ipsi-f2028.firebasestorage.app/o/firebase%2Funiv%2Fyonsei.jpg?alt=media
연세대학교,실내건축학과,https://firebasestorage.googleapis.com/v0/b/ipsi-f2028.firebasestorage.app/o/firebase%2Funiv%2Fyonsei.jpg?alt=media
연세대학교,건축학(5년제),https://firebasestorage.googleapis.com/v0/b/ipsi-f2028.firebasestorage.app/o/firebase%2Funiv%2Fyonsei.jpg?alt=media
연세대학교,토목환경공학전공,https://firebasestorage.googleapis.com/v0/b/ipsi-f2028.firebasestorage.app/o/firebase%2Funiv%2Fyonsei.jpg?alt=media
연세대학교,건설환경공학전공,https://firebasestorage.googleapis.com/v0/b/ipsi-f2028.firebasestorage.app/o/firebase%2Funiv%2Fyonsei.jpg?alt=media
연세대학교,도시공학과,https://firebasestorage.googleapis.com/v0/b/ipsi-f2028.firebasestorage.app/o/firebase%2Funiv%2Fyonsei.jpg?alt=media
연세대학교,기계공학과,https://firebasestorage.googleapis.com/v0/b/ipsi-f2028.firebasestorage.app/o/firebase%2Funiv%2Fyonsei.jpg?alt=media
연세대학교,전기전자공학과,https://firebasestorage.googleapis.com/v0/b/ipsi-f2028.firebasestorage.app/o/firebase%2Funiv%2Fyonsei.jpg?alt=media
연세대학교,시스템반도체공학과,https://firebasestorage.googleapis.com/v0/b/ipsi-f2028.firebasestorage.app/o/firebase%2Funiv%2Fyonsei.jpg?alt=media
연세대학교,디스플레이융합공학과,https://firebasestorage.googleapis.com/v0/b/ipsi-f2028.firebasestorage.app/o/firebase%2Funiv%2Fyonsei.jpg?alt=media
연세대학교,신소재공학전공,https://firebasestorage.googleapis.com/v0/b/ipsi-f2028.firebasestorage.app/o/firebase%2Funiv%2Fyonsei.jpg?alt=media
연세대학교,인공지능학과,https://firebasestorage.googleapis.com/v0/b/ipsi-f2028.firebasestorage.app/o/firebase%2Funiv%2Fyonsei.jpg?alt=media
연세대학교,컴퓨터과학과,https://firebasestorage.googleapis.com/v0/b/ipsi-f2028.firebasestorage.app/o/firebase%2Funiv%2Fyonsei.jpg?alt=media
연세대학교,응용정보공학전공,https://firebasestorage.googleapis.com/v0/b/ipsi-f2028.firebasestorage.app/o/firebase%2Funiv%2Fyonsei.jpg?alt=media
연세대학교,산업공학과,https://firebasestorage.googleapis.com/v0/b/ipsi-f2028.firebasestorage.app/o/firebase%2Funiv%2Fyonsei.jpg?alt=media
연세대학교,정보산업공학전공,https://firebasestorage.googleapis.com/v0/b/ipsi-f2028.firebasestorage.app/o/firebase%2Funiv%2Fyonsei.jpg?alt=media
연세대학교,화공생명공학과,https://firebasestorage.googleapis.com/v0/b/ipsi-f2028.firebasestorage.app/o/firebase%2Funiv%2Fyonsei.jpg?alt=media
연세대학교,생명공학과,https://firebasestorage.googleapis.com/v0/b/ipsi-f2028.firebasestorage.app/o/firebase%2Funiv%2Fyonsei.jpg?alt=media
연세대학교,언더우드 생명과학공학전공,https://firebasestorage.googleapis.com/v0/b/ipsi-f2028.firebasestorage.app/o/firebase%2Funiv%2Fyonsei.jpg?alt=media
연세대학교,바이오생활공학전공,https://firebasestorage.googleapis.com/v0/b/ipsi-f2028.firebasestorage.app/o/firebase%2Funiv%2Fyonsei.jpg?alt=media
연세대학교,생화학과,https://firebasestorage.googleapis.com/v0/b/ipsi-f2028.firebasestorage.app/o/firebase%2Funiv%2Fyonsei.jpg?alt=media
연세대학교,시스템생물학과,https://firebasestorage.googleapis.com/v0/b/ipsi-f2028.firebasestorage.app/o/firebase%2Funiv%2Fyonsei.jpg?alt=media
연세대학교,화학과,https://firebasestorage.googleapis.com/v0/b/ipsi-f2028.firebasestorage.app/o/firebase%2Funiv%2Fyonsei.jpg?alt=media
연세대학교,사회환경시스템공학부,https://firebasestorage.googleapis.com/v0/b/ipsi-f2028.firebasestorage.app/o/firebase%2Funiv%2Fyonsei.jpg?alt=media
연세대학교,아동ㆍ가족학과,https://firebasestorage.googleapis.com/v0/b/ipsi-f2028.firebasestorage.app/o/firebase%2Funiv%2Fyonsei.jpg?alt=media
연세대학교,식품영양학과,https://firebasestorage.googleapis.com/v0/b/ipsi-f2028.firebasestorage.app/o/firebase%2Funiv%2Fyonsei.jpg?alt=media
연세대학교,의류환경학과,https://firebasestorage.googleapis.com/v0/b/ipsi-f2028.firebasestorage.app/o/firebase%2Funiv%2Fyonsei.jpg?alt=media
연세대학교,수학과,https://firebasestorage.googleapis.com/v0/b/ipsi-f2028.firebasestorage.app/o/firebase%2Funiv%2Fyonsei.jpg?alt=media
연세대학교,응용통계학과,https://firebasestorage.googleapis.com/v0/b/ipsi-f2028.firebasestorage.app/o/firebase%2Funiv%2Fyonsei.jpg?alt=media
연세대학교,물리학과,https://firebasestorage.googleapis.com/v0/b/ipsi-f2028.firebasestorage.app/o/firebase%2Funiv%2Fyonsei.jpg?alt=media
연세대학교,대기과학과,https://firebasestorage.googleapis.com/v0/b/ipsi-f2028.firebasestorage.app/o/firebase%2Funiv%2Fyonsei.jpg?alt=media
연세대학교,천문우주학과,https://firebasestorage.googleapis.com/v0/b/ipsi-f2028.firebasestorage.app/o/firebase%2Funiv%2Fyonsei.jpg?alt=media
연세대학교,지구시스템과학과,https://firebasestorage.googleapis.com/v0/b/ipsi-f2028.firebasestorage.app/o/firebase%2Funiv%2Fyonsei.jpg?alt=media
연세대학교,의예과,https://firebasestorage.googleapis.com/v0/b/ipsi-f2028.firebasestorage.app/o/firebase%2Funiv%2Fyonsei.jpg?alt=media
연세대학교,의학과,https://firebasestorage.googleapis.com/v0/b/ipsi-f2028.firebasestorage.app/o/firebase%2Funiv%2Fyonsei.jpg?alt=media
연세대학교,치의예과,https://firebasestorage.googleapis.com/v0/b/ipsi-f2028.firebasestorage.app/o/firebase%2Funiv%2Fyonsei.jpg?alt=media
연세대학교,치의학과,https://firebasestorage.googleapis.com/v0/b/ipsi-f2028.firebasestorage.app/o/firebase%2Funiv%2Fyonsei.jpg?alt=media
연세대학교,간호학과,https://firebasestorage.googleapis.com/v0/b/ipsi-f2028.firebasestorage.app/o/firebase%2Funiv%2Fyonsei.jpg?alt=media
연세대학교,통합디자인학과,https://firebasestorage.googleapis.com/v0/b/ipsi-f2028.firebasestorage.app/o/firebase%2Funiv%2Fyonsei.jpg?alt=media
연세대학교,생활디자인학과,https://firebasestorage.googleapis.com/v0/b/ipsi-f2028.firebasestorage.app/o/firebase%2Funiv%2Fyonsei.jpg?alt=media
연세대학교,스포츠레저학과,https://firebasestorage.googleapis.com/v0/b/ipsi-f2028.firebasestorage.app/o/firebase%2Funiv%2Fyonsei.jpg?alt=media
연세대학교,스포츠응용산업학과,https://firebasestorage.googleapis.com/v0/b/ipsi-f2028.firebasestorage.app/o/firebase%2Funiv%2Fyonsei.jpg?alt=media
연세대학교,관현악과,https://firebasestorage.googleapis.com/v0/b/ipsi-f2028.firebasestorage.app/o/firebase%2Funiv%2Fyonsei.jpg?alt=media
연세대학교,피아노과,https://firebasestorage.googleapis.com/v0/b/ipsi-f2028.firebasestorage.app/o/firebase%2Funiv%2Fyonsei.jpg?alt=media
연세대학교,성악과,https://firebasestorage.googleapis.com/v0/b/ipsi-f2028.firebasestorage.app/o/firebase%2Funiv%2Fyonsei.jpg?alt=media
연세대학교,작곡과,https://firebasestorage.googleapis.com/v0/b/ipsi-f2028.firebasestorage.app/o/firebase%2Funiv%2Fyonsei.jpg?alt=media
연세대학교,교회음악과,https://firebasestorage.googleapis.com/v0/b/ipsi-f2028.firebasestorage.app/o/firebase%2Funiv%2Fyonsei.jpg?alt=media
건국대학교,국어국문학과,https://firebasestorage.googleapis.com/v0/b/ipsi-f2028.firebasestorage.app/o/firebase%2Funiv%2FKonKuk.jpg?alt=media
건국대학교,중어중문학과,https://firebasestorage.googleapis.com/v0/b/ipsi-f2028.firebasestorage.app/o/firebase%2Funiv%2FKonKuk.jpg?alt=media
건국대학교,영어영문학과,https://firebasestorage.googleapis.com/v0/b/ipsi-f2028.firebasestorage.app/o/firebase%2Funiv%2FKonKuk.jpg?alt=media
건국대학교,EU문화정보학전공,https://firebasestorage.googleapis.com/v0/b/ipsi-f2028.firebasestorage.app/o/firebase%2Funiv%2FKonKuk.jpg?alt=media
건국대학교,문화콘텐츠학과,https://firebasestorage.googleapis.com/v0/b/ipsi-f2028.firebasestorage.app/o/firebase%2Funiv%2FKonKuk.jpg?alt=media
건국대학교,사학과,https://firebasestorage.googleapis.com/v0/b/ipsi-f2028.firebasestorage.app/o/firebase%2Funiv%2FKonKuk.jpg?alt=media
건국대학교,철학과,https://firebasestorage.googleapis.com/v0/b/ipsi-f2028.firebasestorage.app/o/firebase%2Funiv%2FKonKuk.jpg?alt=media
건국대학교,융합인재학부,https://firebasestorage.googleapis.com/v0/b/ipsi-f2028.firebasestorage.app/o/firebase%2Funiv%2FKonKuk.jpg?alt=media
건국대학교,경영학과,https://firebasestorage.googleapis.com/v0/b/ipsi-f2028.firebasestorage.app/o/firebase%2Funiv%2FKonKuk.jpg?alt=media
건국대학교,부동산학과,https://firebasestorage.googleapis.com/v0/b/ipsi-f2028.firebasestorage.app/o/firebase%2Funiv%2FKonKuk.jpg?alt=media
건국대학교,축산경영ㆍ유통경제학전공,https://firebasestorage.googleapis.com/v0/b/ipsi-f2028.firebasestorage.app/o/firebase%2Funiv%2FKonKuk.jpg?alt=media
건국대학교,기술경영학과,https://firebasestorage.googleapis.com/v0/b/ipsi-f2028.firebasestorage.app/o/firebase%2Funiv%2FKonKuk.jpg?alt=media
건국대학교,글로벌비즈니스학과,https://firebasestorage.googleapis.com/v0/b/ipsi-f2028.firebasestorage.app/o/firebase%2Funiv%2FKonKuk.jpg?alt=media
건국대학교,경제학과,https://firebasestorage.googleapis.com/v0/b/ipsi-f2028.firebasestorage.app/o/firebase%2Funiv%2FKonKuk.jpg?alt=media
건국대학교,신산업융합학과,https://firebasestorage.googleapis.com/v0/b/ipsi-f2028.firebasestorage.app/o/firebase%2Funiv%2FKonKuk.jpg?alt=media
건국대학교,국제무역학과,https://firebasestorage.googleapis.com/v0/b/ipsi-f2028.firebasestorage.app/o/firebase%2Funiv%2FKonKuk.jpg?alt=media
건국대학교,국제통상학과,https://firebasestorage.googleapis.com/v0/b/ipsi-f2028.firebasestorage.app/o/firebase%2Funiv%2FKonKuk.jpg?alt=media
건국대학교,미디어커뮤니케이션학과,https://firebasestorage.googleapis.com/v0/b/ipsi-f2028.firebasestorage.app/o/firebase%2Funiv%2FKonKuk.jpg?alt=media
건국대학교,문화미디어학과,https://firebasestorage.googleapis.com/v0/b/ipsi-f2028.firebasestorage.app/o/firebase%2Funiv%2FKonKuk.jpg?alt=media
건국대학교,정치외교학과,https://firebasestorage.googleapis.com/v0/b/ipsi-f2028.firebasestorage.app/o/firebase%2Funiv%2FKonKuk.jpg?alt=media
건국대학교,행정학과,https://firebasestorage.googleapis.com/v0/b/ipsi-f2028.firebasestorage.app/o/firebase%2Funiv%2FKonKuk.jpg?alt=media
건국대학교,융합인재학과,https://firebasestorage.googleapis.com/v0/b/ipsi-f2028.firebasestorage.app/o/firebase%2Funiv%2FKonKuk.jpg?alt=media
건국대학교,교육공학과,https://firebasestorage.googleapis.com/v0/b/ipsi-f2028.firebasestorage.app/o/firebase%2Funiv%2FKonKuk.jpg?alt=media
건국대학교,교직과,https://firebasestorage.googleapis.com/v0/b/ipsi-f2028.firebasestorage.app/o/firebase%2Funiv%2FKonKuk.jpg?alt=media
건국대학교,영어교육과,https://firebasestorage.googleapis.com/v0/b/ipsi-f2028.firebasestorage.app/o/firebase%2Funiv%2FKonKuk.jpg?alt=media
건국대학교,일어교육과,https://firebasestorage.googleapis.com/v0/b/ipsi-f2028.firebasestorage.app/o/firebase%2Funiv%2FKonKuk.jpg?alt=media
건국대학교,수학교육과,https://firebasestorage.googleapis.com/v0/b/ipsi-f2028.firebasestorage.app/o/firebase%2Funiv%2FKonKuk.jpg?alt=media
건국대학교,음악교육과,https://firebasestorage.googleapis.com/v0/b/ipsi-f2028.firebasestorage.app/o/firebase%2Funiv%2FKonKuk.jpg?alt=media
건국대학교,체육교육과,https://firebasestorage.googleapis.com/v0/b/ipsi-f2028.firebasestorage.app/o/firebase%2Funiv%2FKonKuk.jpg?alt=media
건국대학교,건축공학전공,https://firebasestorage.googleapis.com/v0/b/ipsi-f2028.firebasestorage.app/o/firebase%2Funiv%2FKonKuk.jpg?alt=media
건국대학교,건축설계전공,https://firebasestorage.googleapis.com/v0/b/ipsi-f2028.firebasestorage.app/o/firebase%2Funiv%2FKonKuk.jpg?alt=media
건국대학교,건축학전공,https://firebasestorage.googleapis.com/v0/b/ipsi-f2028.firebasestorage.app/o/firebase%2Funiv%2FKonKuk.jpg?alt=media
건국대학교,산림조경학과,https://firebasestorage.googleapis.com/v0/b/ipsi-f2028.firebasestorage.app/o/firebase%2Funiv%2FKonKuk.jpg?alt=media
건국대학교,토목공학과,https://firebasestorage.googleapis.com/v0/b/ipsi-f2028.firebasestorage.app/o/firebase%2Funiv%2FKonKuk.jpg?alt=media
건국대학교,사회환경플랜트공학과,https://firebasestorage.googleapis.com/v0/b/ipsi-f2028.firebasestorage.app/o/firebase%2Funiv%2FKonKuk.jpg?alt=media
건국대학교,인프라시스템공학과,https://firebasestorage.googleapis.com/v0/b/ipsi-f2028.firebasestorage.app/o/firebase%2Funiv%2FKonKuk.jpg?alt=media
건국대학교,사회환경공학부,https://firebasestorage.googleapis.com/v0/b/ipsi-f2028.firebasestorage.app/o/firebase%2Funiv%2FKonKuk.jpg?alt=media
건국대학교,기계항공공학부,https://firebasestorage.googleapis.com/v0/b/ipsi-f2028.firebasestorage.app/o/firebase%2Funiv%2FKonKuk.jpg?alt=media
건국대학교,항공우주정보시스템공학과,https://firebasestorage.googleapis.com/v0/b/ipsi-f2028.firebasestorage.app/o/firebase%2Funiv%2FKonKuk.jpg?alt=media
건국대학교,기계공학과,https://firebasestorage.googleapis.com/v0/b/ipsi-f2028.firebasestorage.app/o/firebase%2Funiv%2FKonKuk.jpg?alt=media
건국대학교,전기공학과,https://firebasestorage.googleapis.com/v0/b/ipsi-f2028.firebasestorage.app/o/firebase%2Funiv%2FKonKuk.jpg?alt=media
건국대학교,전자공학과,https://firebasestorage.googleapis.com/v0/b/ipsi-f2028.firebasestorage.app/o/firebase%2Funiv%2FKonKuk.jpg?alt=media
건국대학교,미래에너지공학과,https://firebasestorage.googleapis.com/v0/b/ipsi-f2028.firebasestorage.app/o/firebase%2Funiv%2FKonKuk.jpg?alt=media
건국대학교,융합신소재공학과,https://firebasestorage.googleapis.com/v0/b/ipsi-f2028.firebasestorage.app/o/firebase%2Funiv%2FKonKuk.jpg?alt=media
건국대학교,컴퓨터공학과,https://firebasestorage.googleapis.com/v0/b/ipsi-f2028.firebasestorage.app/o/firebase%2Funiv%2FKonKuk.jpg?alt=media
건국대학교,소프트웨어학과,https://firebasestorage.googleapis.com/v0/b/ipsi-f2028.firebasestorage.app/o/firebase%2Funiv%2FKonKuk.jpg?alt=media
건국대학교,스마트ICT융합공학과,https://firebasestorage.googleapis.com/v0/b/ipsi-f2028.firebasestorage.app/o/firebase%2Funiv%2FKonKuk.jpg?alt=media
건국대학교,산업공학과,https://firebasestorage.googleapis.com/v0/b/ipsi-f2028.firebasestorage.app/o/firebase%2Funiv%2FKonKuk.jpg?alt=media
건국대학교,화학공학과,https://firebasestorage.googleapis.com/v0/b/ipsi-f2028.firebasestorage.app/o/firebase%2Funiv%2FKonKuk.jpg?alt=media
건국대학교,스마트운행체공학과,https://firebasestorage.googleapis.com/v0/b/ipsi-f2028.firebasestorage.app/o/firebase%2Funiv%2FKonKuk.jpg?alt=media
건국대학교,유기나노시스템공학과,https://firebasestorage.googleapis.com/v0/b/ipsi-f2028.firebasestorage.app/o/firebase%2Funiv%2FKonKuk.jpg?alt=media
건국대학교,화장품공학과,https://firebasestorage.googleapis.com/v0/b/ipsi-f2028.firebasestorage.app/o/firebase%2Funiv%2FKonKuk.jpg?alt=media
건국대학교,기술융합공학과,https://firebasestorage.googleapis.com/v0/b/ipsi-f2028.firebasestorage.app/o/firebase%2Funiv%2FKonKuk.jpg?alt=media
건국대학교,식량자원과학과,https://firebasestorage.googleapis.com/v0/b/ipsi-f2028.firebasestorage.app/o/firebase%2Funiv%2FKonKuk.jpg?alt=media
건국대학교,동물생명공학전공,https://firebasestorage.googleapis.com/v0/b/ipsi-f2028.firebasestorage.app/o/firebase%2Funiv%2FKonKuk.jpg?alt=media
건국대학교,분자생명공학전공,https://firebasestorage.googleapis.com/v0/b/ipsi-f2028.firebasestorage.app/o/firebase%2Funiv%2FKonKuk.jpg?alt=media
건국대학교,의생명공학과,https://firebasestorage.googleapis.com/v0/b/ipsi-f2028.firebasestorage.app/o/firebase%2Funiv%2FKonKuk.jpg?alt=media
건국대학교,시스템생명공학과,https://firebasestorage.googleapis.com/v0/b/ipsi-f2028.firebasestorage.app/o/firebase%2Funiv%2FKonKuk.jpg?alt=media
건국대학교,생명과학특성학과,https://firebasestorage.googleapis.com/v0/b/ipsi-f2028.firebasestorage.app/o/firebase%2Funiv%2FKonKuk.jpg?alt=media
건국대학교,융합생명공학과,https://firebasestorage.googleapis.com/v0/b/ipsi-f2028.firebasestorage.app/o/firebase%2Funiv%2FKonKuk.jpg?alt=media
건국대학교,줄기세포재생공학과,https://firebasestorage.googleapis.com/v0/b/ipsi-f2028.firebasestorage.app/o/firebase%2Funiv%2FKonKuk.jpg?alt=media
건국대학교,생물공학과,https://firebasestorage.googleapis.com/v0/b/ipsi-f2028.firebasestorage.app/o/firebase%2Funiv%2FKonKuk.jpg?alt=media
건국대학교,응용생물화학전공,https://firebasestorage.googleapis.com/v0/b/ipsi-f2028.firebasestorage.app/o/firebase%2Funiv%2FKonKuk.jpg?alt=media
건국대학교,수의예과,https://firebasestorage.googleapis.com/v0/b/ipsi-f2028.firebasestorage.app/o/firebase%2Funiv%2FKonKuk.jpg?alt=media
건국대학교,수의학과,https://firebasestorage.googleapis.com/v0/b/ipsi-f2028.firebasestorage.app/o/firebase%2Funiv%2FKonKuk.jpg?alt=media
건국대학교,동물자원과학과,https://firebasestorage.googleapis.com/v0/b/ipsi-f2028.firebasestorage.app/o/firebase%2Funiv%2FKonKuk.jpg?alt=media
건국대학교,생명자원환경과학부,https://firebasestorage.googleapis.com/v0/b/ipsi-f2028.firebasestorage.app/o/firebase%2Funiv%2FKonKuk.jpg?alt=media
건국대학교,화학과,https://firebasestorage.googleapis.com/v0/b/ipsi-f2028.firebasestorage.app/o/firebase%2Funiv%2FKonKuk.jpg?alt=media
건국대학교,특성화학부,https://firebasestorage.googleapis.com/v0/b/ipsi-f2028.firebasestorage.app/o/firebase%2Funiv%2FKonKuk.jpg?alt=media
건국대학교,환경공학과,https://firebasestorage.googleapis.com/v0/b/ipsi-f2028.firebasestorage.app/o/firebase%2Funiv%2FKonKuk.jpg?alt=media
건국대학교,환경과학전공,https://firebasestorage.googleapis.com/v0/b/ipsi-f2028.firebasestorage.app/o/firebase%2Funiv%2FKonKuk.jpg?alt=media
건국대학교,환경보건과학과,https://firebasestorage.googleapis.com/v0/b/ipsi-f2028.firebasestorage.app/o/firebase%2Funiv%2FKonKuk.jpg?alt=media
건국대학교,주거환경전공,https://firebasestorage.googleapis.com/v0/b/ipsi-f2028.firebasestorage.app/o/firebase%2Funiv%2FKonKuk.jpg?alt=media
건국대학교,소비자정보학전공,https://firebasestorage.googleapis.com/v0/b/ipsi-f2028.firebasestorage.app/o/firebase%2Funiv%2FKonKuk.jpg?alt=media
건국대학교,식품유통공학과,https://firebasestorage.googleapis.com/v0/b/ipsi-f2028.firebasestorage.app/o/firebase%2Funiv%2FKonKuk.jpg?alt=media
건국대학교,축산식품생명공학과,https://firebasestorage.googleapis.com/v0/b/ipsi-f2028.firebasestorage.app/o/firebase%2Funiv%2FKonKuk.jpg?alt=media
건국대학교,수학과,https://firebasestorage.googleapis.com/v0/b/ipsi-f2028.firebasestorage.app/o/firebase%2Funiv%2FKonKuk.jpg?alt=media
건국대학교,응용통계학과,https://firebasestorage.googleapis.com/v0/b/ipsi-f2028.firebasestorage.app/o/firebase%2Funiv%2FKonKuk.jpg?alt=media
건국대학교,물리학과,https://firebasestorage.googleapis.com/v0/b/ipsi-f2028.firebasestorage.app/o/firebase%2Funiv%2FKonKuk.jpg?alt=media
건국대학교,지리학과,https://firebasestorage.googleapis.com/v0/b/ipsi-f2028.firebasestorage.app/o/firebase%2Funiv%2FKonKuk.jpg?alt=media
건국대학교,산업디자인학과,https://firebasestorage.googleapis.com/v0/b/ipsi-f2028.firebasestorage.app/o/firebase%2Funiv%2FKonKuk.jpg?alt=media
건국대학교,의상디자인학과,https://firebasestorage.googleapis.com/v0/b/ipsi-f2028.firebasestorage.app/o/firebase%2Funiv%2FKonKuk.jpg?alt=media
건국대학교,커뮤니케이션디자인학과,https://firebasestorage.googleapis.com/v0/b/ipsi-f2028.firebasestorage.app/o/firebase%2Funiv%2FKonKuk.jpg?alt=media
건국대학교,리빙디자인학과,https://firebasestorage.googleapis.com/v0/b/ipsi-f2028.firebasestorage.app/o/firebase%2Funiv%2FKonKuk.jpg?alt=media
건국대학교,영상학과,https://firebasestorage.googleapis.com/v0/b/ipsi-f2028.firebasestorage.app/o/firebase%2Funiv%2FKonKuk.jpg?alt=media
건국대학교,영상영화학과,https://firebasestorage.googleapis.com/v0/b/ipsi-f2028.firebasestorage.app/o/firebase%2Funiv%2FKonKuk.jpg?alt=media
건국대학교,K뷰티산업융합학과,https://firebasestorage.googleapis.com/v0/b/ipsi-f2028.firebasestorage.app/o/firebase%2Funiv%2FKonKuk.jpg?alt=media
건국대학교,현대미술학과,https://firebasestorage.googleapis.com/v0/b/ipsi-f2028.firebasestorage.app/o/firebase%2Funiv%2FKonKuk.jpg?alt=media
건국대학교,매체연기학과,https://firebasestorage.googleapis.com/v0/b/ipsi-f2028.firebasestorage.app/o/firebase%2Funiv%2FKonKuk.jpg?alt=media
고려대학교,언어학과,https://firebasestorage.googleapis.com/v0/b/ipsi-f2028.firebasestorage.app/o/firebase%2Funiv%2Fkorea.jpg?alt=media
고려대학교,국어국문학과,https://firebasestorage.googleapis.com/v0/b/ipsi-f2028.firebasestorage.app/o/firebase%2Funiv%2Fkorea.jpg?alt=media
고려대학교,일어일문학과,https://firebasestorage.googleapis.com/v0/b/ipsi-f2028.firebasestorage.app/o/firebase%2Funiv%2Fkorea.jpg?alt=media
고려대학교,중어중문학과,https://firebasestorage.googleapis.com/v0/b/ipsi-f2028.firebasestorage.app/o/firebase%2Funiv%2Fkorea.jpg?alt=media
고려대학교,한문학과,https://firebasestorage.googleapis.com/v0/b/ipsi-f2028.firebasestorage.app/o/firebase%2Funiv%2Fkorea.jpg?alt=media
고려대학교,영어영문학과,https://firebasestorage.googleapis.com/v0/b/ipsi-f2028.firebasestorage.app/o/firebase%2Funiv%2Fkorea.jpg?alt=media
고려대학교,독어독문학과,https://firebasestorage.googleapis.com/v0/b/ipsi-f2028.firebasestorage.app/o/firebase%2Funiv%2Fkorea.jpg?alt=media
고려대학교,노어노문학과,https://firebasestorage.googleapis.com/v0/b/ipsi-f2028.firebasestorage.app/o/firebase%2Funiv%2Fkorea.jpg?alt=media
고려대학교,서어서문학과,https://firebasestorage.googleapis.com/v0/b/ipsi-f2028.firebasestorage.app/o/firebase%2Funiv%2Fkorea.jpg?alt=media
고려대학교,불어불문학과,https://firebasestorage.googleapis.com/v0/b/ipsi-f2028.firebasestorage.app/o/firebase%2Funiv%2Fkorea.jpg?alt=media
고려대학교,심리학과,https://firebasestorage.googleapis.com/v0/b/ipsi-f2028.firebasestorage.app/o/firebase%2Funiv%2Fkorea.jpg?alt=media
고려대학교,사학과,https://firebasestorage.googleapis.com/v0/b/ipsi-f2028.firebasestorage.app/o/firebase%2Funiv%2Fkorea.jpg?alt=media
고려대학교,한국사학과,https://firebasestorage.googleapis.com/v0/b/ipsi-f2028.firebasestorage.app/o/firebase%2Funiv%2Fkorea.jpg?alt=media
고려대학교,글로벌한국융합학부,https://firebasestorage.googleapis.com/v0/b/ipsi-f2028.firebasestorage.app/o/firebase%2Funiv%2Fkorea.jpg?alt=media
고려대학교,철학과,https://firebasestorage.googleapis.com/v0/b/ipsi-f2028.firebasestorage.app/o/firebase%2Funiv%2Fkorea.jpg?alt=media
고려대학교,자유전공학부,https://firebasestorage.googleapis.com/v0/b/ipsi-f2028.firebasestorage.app/o/firebase%2Funiv%2Fkorea.jpg?alt=media
고려대학교,글로벌자율학부,https://firebasestorage.googleapis.com/v0/b/ipsi-f2028.firebasestorage.app/o/firebase%2Funiv%2Fkorea.jpg?alt=media
고려대학교,경영학과,https://firebasestorage.googleapis.com/v0/b/ipsi-f2028.firebasestorage.app/o/firebase%2Funiv%2Fkorea.jpg?alt=media
고려대학교,경제학과,https://firebasestorage.googleapis.com/v0/b/ipsi-f2028.firebasestorage.app/o/firebase%2Funiv%2Fkorea.jpg?alt=media
고려대학교,법학과,https://firebasestorage.googleapis.com/v0/b/ipsi-f2028.firebasestorage.app/o/firebase%2Funiv%2Fkorea.jpg?alt=media
고려대학교,국제학부,https://firebasestorage.googleapis.com/v0/b/ipsi-f2028.firebasestorage.app/o/firebase%2Funiv%2Fkorea.jpg?alt=media
고려대학교,사회학과,https://firebasestorage.googleapis.com/v0/b/ipsi-f2028.firebasestorage.app/o/firebase%2Funiv%2Fkorea.jpg?alt=media
고려대학교,미디어학부,https://firebasestorage.googleapis.com/v0/b/ipsi-f2028.firebasestorage.app/o/firebase%2Funiv%2Fkorea.jpg?alt=media
고려대학교,정치외교학과,https://firebasestorage.googleapis.com/v0/b/ipsi-f2028.firebasestorage.app/o/firebase%2Funiv%2Fkorea.jpg?alt=media
고려대학교,행정학과,https://firebasestorage.googleapis.com/v0/b/ipsi-f2028.firebasestorage.app/o/firebase%2Funiv%2Fkorea.jpg?alt=media
고려대학교,보건정책관리학부,https://firebasestorage.googleapis.com/v0/b/ipsi-f2028.firebasestorage.app/o/firebase%2Funiv%2Fkorea.jpg?alt=media
고려대학교,교육학과,https://firebasestorage.googleapis.com/v0/b/ipsi-f2028.firebasestorage.app/o/firebase%2Funiv%2Fkorea.jpg?alt=media
고려대학교,국어교육과,https://firebasestorage.googleapis.com/v0/b/ipsi-f2028.firebasestorage.app/o/firebase%2Funiv%2Fkorea.jpg?alt=media
고려대학교,영어교육과,https://firebasestorage.googleapis.com/v0/b/ipsi-f2028.firebasestorage.app/o/firebase%2Funiv%2Fkorea.jpg?alt=media
고려대학교,역사교육과,https://firebasestorage.googleapis.com/v0/b/ipsi-f2028.firebasestorage.app/o/firebase%2Funiv%2Fkorea.jpg?alt=media
고려대학교,지리교육과,https://firebasestorage.googleapis.com/v0/b/ipsi-f2028.firebasestorage.app/o/firebase%2Funiv%2Fkorea.jpg?alt=media
고려대학교,컴퓨터교육과,https://firebasestorage.googleapis.com/v0/b/ipsi-f2028.firebasestorage.app/o/firebase%2Funiv%2Fkorea.jpg?alt=media
고려대학교,가정교육과,https://firebasestorage.googleapis.com/v0/b/ipsi-f2028.firebasestorage.app/o/firebase%2Funiv%2Fkorea.jpg?alt=media
고려대학교,수학교육과,https://firebasestorage.googleapis.com/v0/b/ipsi-f2028.firebasestorage.app/o/firebase%2Funiv%2Fkorea.jpg?alt=media
고려대학교,체육교육과,https://firebasestorage.googleapis.com/v0/b/ipsi-f2028.firebasestorage.app/o/firebase%2Funiv%2Fkorea.jpg?alt=media
고려대학교,건축학과,https://firebasestorage.googleapis.com/v0/b/ipsi-f2028.firebasestorage.app/o/firebase%2Funiv%2Fkorea.jpg?alt=media
고려대학교,건축사회환경공학부,https://firebasestorage.googleapis.com/v0/b/ipsi-f2028.firebasestorage.app/o/firebase%2Funiv%2Fkorea.jpg?alt=media
고려대학교,기계공학과,https://firebasestorage.googleapis.com/v0/b/ipsi-f2028.firebasestorage.app/o/firebase%2Funiv%2Fkorea.jpg?alt=media
고려대학교,스마트모빌리티학부,https://firebasestorage.googleapis.com/v0/b/ipsi-f2028.firebasestorage.app/o/firebase%2Funiv%2Fkorea.jpg?alt=media
고려대학교,전기전자공학부,https://firebasestorage.googleapis.com/v0/b/ipsi-f2028.firebasestorage.app/o/firebase%2Funiv%2Fkorea.jpg?alt=media
고려대학교,전기전자전파공학부,https://firebasestorage.googleapis.com/v0/b/ipsi-f2028.firebasestorage.app/o/firebase%2Funiv%2Fkorea.jpg?alt=media
고려대학교,반도체공학과,https://firebasestorage.googleapis.com/v0/b/ipsi-f2028.firebasestorage.app/o/firebase%2Funiv%2Fkorea.jpg?alt=media
고려대학교,신소재공학부,https://firebasestorage.googleapis.com/v0/b/ipsi-f2028.firebasestorage.app/o/firebase%2Funiv%2Fkorea.jpg?alt=media
고려대학교,융합에너지공학과,https://firebasestorage.googleapis.com/v0/b/ipsi-f2028.firebasestorage.app/o/firebase%2Funiv%2Fkorea.jpg?alt=media
고려대학교,컴퓨터학과,https://firebasestorage.googleapis.com/v0/b/ipsi-f2028.firebasestorage.app/o/firebase%2Funiv%2Fkorea.jpg?alt=media
고려대학교,컴퓨터ㆍ통신공학부,https://firebasestorage.googleapis.com/v0/b/ipsi-f2028.firebasestorage.app/o/firebase%2Funiv%2Fkorea.jpg?alt=media
고려대학교,사이버국방학과,https://firebasestorage.googleapis.com/v0/b/ipsi-f2028.firebasestorage.app/o/firebase%2Funiv%2Fkorea.jpg?alt=media
고려대학교,스마트보안학부,https://firebasestorage.googleapis.com/v0/b/ipsi-f2028.firebasestorage.app/o/firebase%2Funiv%2Fkorea.jpg?alt=media
고려대학교,차세대통신학과,https://firebasestorage.googleapis.com/v0/b/ipsi-f2028.firebasestorage.app/o/firebase%2Funiv%2Fkorea.jpg?alt=media
고려대학교,산업경영공학부,https://firebasestorage.googleapis.com/v0/b/ipsi-f2028.firebasestorage.app/o/firebase%2Funiv%2Fkorea.jpg?alt=media
고려대학교,화공생명공학과,https://firebasestorage.googleapis.com/v0/b/ipsi-f2028.firebasestorage.app/o/firebase%2Funiv%2Fkorea.jpg?alt=media
고려대학교,보건환경융합과학부,https://firebasestorage.googleapis.com/v0/b/ipsi-f2028.firebasestorage.app/o/firebase%2Funiv%2Fkorea.jpg?alt=media
고려대학교,공과대학,https://firebasestorage.googleapis.com/v0/b/ipsi-f2028.firebasestorage.app/o/firebase%2Funiv%2Fkorea.jpg?alt=media
고려대학교,생명공학부,https://firebasestorage.googleapis.com/v0/b/ipsi-f2028.firebasestorage.app/o/firebase%2Funiv%2Fkorea.jpg?alt=media
고려대학교,생명과학부,https://firebasestorage.googleapis.com/v0/b/ipsi-f2028.firebasestorage.app/o/firebase%2Funiv%2Fkorea.jpg?alt=media
고려대학교,생명유전공학부,https://firebasestorage.googleapis.com/v0/b/ipsi-f2028.firebasestorage.app/o/firebase%2Funiv%2Fkorea.jpg?alt=media
고려대학교,생체의공학과,https://firebasestorage.googleapis.com/v0/b/ipsi-f2028.firebasestorage.app/o/firebase%2Funiv%2Fkorea.jpg?alt=media
고려대학교,바이오시스템의과학부,https://firebasestorage.googleapis.com/v0/b/ipsi-f2028.firebasestorage.app/o/firebase%2Funiv%2Fkorea.jpg?alt=media
고려대학교,식품자원경제학과,https://firebasestorage.googleapis.com/v0/b/ipsi-f2028.firebasestorage.app/o/firebase%2Funiv%2Fkorea.jpg?alt=media
고려대학교,화학과,https://firebasestorage.googleapis.com/v0/b/ipsi-f2028.firebasestorage.app/o/firebase%2Funiv%2Fkorea.jpg?alt=media
고려대학교,지구환경과학과,https://firebasestorage.googleapis.com/v0/b/ipsi-f2028.firebasestorage.app/o/firebase%2Funiv%2Fkorea.jpg?alt=media
고려대학교,환경생태공학부,https://firebasestorage.googleapis.com/v0/b/ipsi-f2028.firebasestorage.app/o/firebase%2Funiv%2Fkorea.jpg?alt=media
고려대학교,식품공학과,https://firebasestorage.googleapis.com/v0/b/ipsi-f2028.firebasestorage.app/o/firebase%2Funiv%2Fkorea.jpg?alt=media
고려대학교,수학과,https://firebasestorage.googleapis.com/v0/b/ipsi-f2028.firebasestorage.app/o/firebase%2Funiv%2Fkorea.jpg?alt=media
고려대학교,통계학과,https://firebasestorage.googleapis.com/v0/b/ipsi-f2028.firebasestorage.app/o/firebase%2Funiv%2Fkorea.jpg?alt=media
고려대학교,데이터과학과,https://firebasestorage.googleapis.com/v0/b/ipsi-f2028.firebasestorage.app/o/firebase%2Funiv%2Fkorea.jpg?alt=media
고려대학교,물리학과,https://firebasestorage.googleapis.com/v0/b/ipsi-f2028.firebasestorage.app/o/firebase%2Funiv%2Fkorea.jpg?alt=media
고려대학교,이과대학,https://firebasestorage.googleapis.com/v0/b/ipsi-f2028.firebasestorage.app/o/firebase%2Funiv%2Fkorea.jpg?alt=media
고려대학교,의예과,https://firebasestorage.googleapis.com/v0/b/ipsi-f2028.firebasestorage.app/o/firebase%2Funiv%2Fkorea.jpg?alt=media
고려대학교,의학과,https://firebasestorage.googleapis.com/v0/b/ipsi-f2028.firebasestorage.app/o/firebase%2Funiv%2Fkorea.jpg?alt=media
고려대학교,간호학과,https://firebasestorage.googleapis.com/v0/b/ipsi-f2028.firebasestorage.app/o/firebase%2Funiv%2Fkorea.jpg?alt=media
고려대학교,방사선학과,https://firebasestorage.googleapis.com/v0/b/ipsi-f2028.firebasestorage.app/o/firebase%2Funiv%2Fkorea.jpg?alt=media
고려대학교,환경보건학과,https://firebasestorage.googleapis.com/v0/b/ipsi-f2028.firebasestorage.app/o/firebase%2Funiv%2Fkorea.jpg?alt=media
고려대학교,치기공학과,https://firebasestorage.googleapis.com/v0/b/ipsi-f2028.firebasestorage.app/o/firebase%2Funiv%2Fkorea.jpg?alt=media
고려대학교,바이오의공학부,https://firebasestorage.googleapis.com/v0/b/ipsi-f2028.firebasestorage.app/o/firebase%2Funiv%2Fkorea.jpg?alt=media
고려대학교,디자인조형학부,https://firebasestorage.googleapis.com/v0/b/ipsi-f2028.firebasestorage.app/o/firebase%2Funiv%2Fkorea.jpg?alt=media
고려대학교,조형학부,https://firebasestorage.googleapis.com/v0/b/ipsi-f2028.firebasestorage.app/o/firebase%2Funiv%2Fkorea.jpg?alt=media
국민대학교,국어국문학과,https://firebasestorage.googleapis.com/v0/b/ipsi-f2028.firebasestorage.app/o/firebase%2Funiv%2Fkukmin.jpg?alt=media
국민대학교,국어국문학전공,https://firebasestorage.googleapis.com/v0/b/ipsi-f2028.firebasestorage.app/o/firebase%2Funiv%2Fkukmin.jpg?alt=media
국민대학교,한국어문학부(글로벌한국어전공),https://firebasestorage.googleapis.com/v0/b/ipsi-f2028.firebasestorage.app/o/firebase%2Funiv%2Fkukmin.jpg?alt=media
국민대학교,중국학부(중국어문전공),https://firebasestorage.googleapis.com/v0/b/ipsi-f2028.firebasestorage.app/o/firebase%2Funiv%2Fkukmin.jpg?alt=media
국민대학교,중국학부(중국정경전공),https://firebasestorage.googleapis.com/v0/b/ipsi-f2028.firebasestorage.app/o/firebase%2Funiv%2Fkukmin.jpg?alt=media
국민대학교,영어영문학부(영미어문전공),https://firebasestorage.googleapis.com/v0/b/ipsi-f2028.firebasestorage.app/o/firebase%2Funiv%2Fkukmin.jpg?alt=media
국민대학교,영어영문학부(글로벌커뮤니케이션영어전공),https://firebasestorage.googleapis.com/v0/b/ipsi-f2028.firebasestorage.app/o/firebase%2Funiv%2Fkukmin.jpg?alt=media
국민대학교,국사학과,https://firebasestorage.googleapis.com/v0/b/ipsi-f2028.firebasestorage.app/o/firebase%2Funiv%2Fkukmin.jpg?alt=media
국민대학교,한국역사학과,https://firebasestorage.googleapis.com/v0/b/ipsi-f2028.firebasestorage.app/o/firebase%2Funiv%2Fkukmin.jpg?alt=media
국민대학교,일본학과,https://firebasestorage.googleapis.com/v0/b/ipsi-f2028.firebasestorage.app/o/firebase%2Funiv%2Fkukmin.jpg?alt=media
국민대학교,러시아ㆍ유라시아학과,https://firebasestorage.googleapis.com/v0/b/ipsi-f2028.firebasestorage.app/o/firebase%2Funiv%2Fkukmin.jpg?alt=media
국민대학교,경영정보학부(경영정보전공),https://firebasestorage.googleapis.com/v0/b/ipsi-f2028.firebasestorage.app/o/firebase%2Funiv%2Fkukmin.jpg?alt=media
국민대학교,경영학부(경영학전공),https://firebasestorage.googleapis.com/v0/b/ipsi-f2028.firebasestorage.app/o/firebase%2Funiv%2Fkukmin.jpg?alt=media
국민대학교,스포츠경영학전공,https://firebasestorage.googleapis.com/v0/b/ipsi-f2028.firebasestorage.app/o/firebase%2Funiv%2Fkukmin.jpg?alt=media
국민대학교,기업경영학부(기업경영전공),https://firebasestorage.googleapis.com/v0/b/ipsi-f2028.firebasestorage.app/o/firebase%2Funiv%2Fkukmin.jpg?alt=media
국민대학교,International Business 전공,https://firebasestorage.googleapis.com/v0/b/ipsi-f2028.firebasestorage.app/o/firebase%2Funiv%2Fkukmin.jpg?alt=media
국민대학교,빅데이터경영통계전공,https://firebasestorage.googleapis.com/v0/b/ipsi-f2028.firebasestorage.app/o/firebase%2Funiv%2Fkukmin.jpg?alt=media
국민대학교,경영학부(글로벌경영전공),https://firebasestorage.googleapis.com/v0/b/ipsi-f2028.firebasestorage.app/o/firebase%2Funiv%2Fkukmin.jpg?alt=media
국민대학교,AI빅데이터융합경영학과,https://firebasestorage.googleapis.com/v0/b/ipsi-f2028.firebasestorage.app/o/firebase%2Funiv%2Fkukmin.jpg?alt=media
국민대학교,경제학과,https://firebasestorage.googleapis.com/v0/b/ipsi-f2028.firebasestorage.app/o/firebase%2Funiv%2Fkukmin.jpg?alt=media
국민대학교,미디어ㆍ광고학부(광고홍보학전공),https://firebasestorage.googleapis.com/v0/b/ipsi-f2028.firebasestorage.app/o/firebase%2Funiv%2Fkukmin.jpg?alt=media
국민대학교,재무금융ㆍ회계학부(재무금융전공),https://firebasestorage.googleapis.com/v0/b/ipsi-f2028.firebasestorage.app/o/firebase%2Funiv%2Fkukmin.jpg?alt=media
국민대학교,재무금융ㆍ회계학부(회계학전공),https://firebasestorage.googleapis.com/v0/b/ipsi-f2028.firebasestorage.app/o/firebase%2Funiv%2Fkukmin.jpg?alt=media
국민대학교,파이낸스보험경영학전공,https://firebasestorage.googleapis.com/v0/b/ipsi-f2028.firebasestorage.app/o/firebase%2Funiv%2Fkukmin.jpg?alt=media
국민대학교,재무금융회계학부,https://firebasestorage.googleapis.com/v0/b/ipsi-f2028.firebasestorage.app/o/firebase%2Funiv%2Fkukmin.jpg?alt=media
국민대학교,국제통상학과,https://firebasestorage.googleapis.com/v0/b/ipsi-f2028.firebasestorage.app/o/firebase%2Funiv%2Fkukmin.jpg?alt=media
국민대학교,법학부(공법학전공),https://firebasestorage.googleapis.com/v0/b/ipsi-f2028.firebasestorage.app/o/firebase%2Funiv%2Fkukmin.jpg?alt=media
국민대학교,법학부(사법학전공),https://firebasestorage.googleapis.com/v0/b/ipsi-f2028.firebasestorage.app/o/firebase%2Funiv%2Fkukmin.jpg?alt=media
국민대학교,기업융합법학과,https://firebasestorage.googleapis.com/v0/b/ipsi-f2028.firebasestorage.app/o/firebase%2Funiv%2Fkukmin.jpg?alt=media
국민대학교,KMU International Business school,https://firebasestorage.googleapis.com/v0/b/ipsi-f2028.firebasestorage.app/o/firebase%2Funiv%2Fkukmin.jpg?alt=media
국민대학교,사회학과,https://firebasestorage.googleapis.com/v0/b/ipsi-f2028.firebasestorage.app/o/firebase%2Funiv%2Fkukmin.jpg?alt=media
국민대학교,언론정보학부,https://firebasestorage.googleapis.com/v0/b/ipsi-f2028.firebasestorage.app/o/firebase%2Funiv%2Fkukmin.jpg?alt=media
국민대학교,미디어ㆍ광고학부(미디어전공),https://firebasestorage.googleapis.com/v0/b/ipsi-f2028.firebasestorage.app/o/firebase%2Funiv%2Fkukmin.jpg?alt=media
국민대학교,정치외교학과,https://firebasestorage.googleapis.com/v0/b/ipsi-f2028.firebasestorage.app/o/firebase%2Funiv%2Fkukmin.jpg?alt=media
국민대학교,정책학전공,https://firebasestorage.googleapis.com/v0/b/ipsi-f2028.firebasestorage.app/o/firebase%2Funiv%2Fkukmin.jpg?alt=media
국민대학교,행정정책학부,https://firebasestorage.googleapis.com/v0/b/ipsi-f2028.firebasestorage.app/o/firebase%2Funiv%2Fkukmin.jpg?alt=media
국민대학교,행정학과,https://firebasestorage.googleapis.com/v0/b/ipsi-f2028.firebasestorage.app/o/firebase%2Funiv%2Fkukmin.jpg?alt=media
국민대학교,행정학전공,https://firebasestorage.googleapis.com/v0/b/ipsi-f2028.firebasestorage.app/o/firebase%2Funiv%2Fkukmin.jpg?alt=media
국민대학교,행정관리학과,https://firebasestorage.googleapis.com/v0/b/ipsi-f2028.firebasestorage.app/o/firebase%2Funiv%2Fkukmin.jpg?alt=media
국민대학교,교양대학,https://firebasestorage.googleapis.com/v0/b/ipsi-f2028.firebasestorage.app/o/firebase%2Funiv%2Fkukmin.jpg?alt=media
국민대학교,교육학과,https://firebasestorage.googleapis.com/v0/b/ipsi-f2028.firebasestorage.app/o/firebase%2Funiv%2Fkukmin.jpg?alt=media
국민대학교,건축학부(건축시스템전공),https://firebasestorage.googleapis.com/v0/b/ipsi-f2028.firebasestorage.app/o/firebase%2Funiv%2Fkukmin.jpg?alt=media
국민대학교,건축학부(건축설계전공),https://firebasestorage.googleapis.com/v0/b/ipsi-f2028.firebasestorage.app/o/firebase%2Funiv%2Fkukmin.jpg?alt=media
국민대학교,건설시스템공학부(건설시스템공학전공),https://firebasestorage.googleapis.com/v0/b/ipsi-f2028.firebasestorage.app/o/firebase%2Funiv%2Fkukmin.jpg?alt=media
국민대학교,기계공학부(기계공학전공),https://firebasestorage.googleapis.com/v0/b/ipsi-f2028.firebasestorage.app/o/firebase%2Funiv%2Fkukmin.jpg?alt=media
국민대학교,기계시스템공학전공,https://firebasestorage.googleapis.com/v0/b/ipsi-f2028.firebasestorage.app/o/firebase%2Funiv%2Fkukmin.jpg?alt=media
국민대학교,융합기계공학전공,https://firebasestorage.googleapis.com/v0/b/ipsi-f2028.firebasestorage.app/o/firebase%2Funiv%2Fkukmin.jpg?alt=media
국민대학교,에너지기계공학전공,https://firebasestorage.googleapis.com/v0/b/ipsi-f2028.firebasestorage.app/o/firebase%2Funiv%2Fkukmin.jpg?alt=media
국민대학교,자동차공학과,https://firebasestorage.googleapis.com/v0/b/ipsi-f2028.firebasestorage.app/o/firebase%2Funiv%2Fkukmin.jpg?alt=media
국민대학교,자동차IT융합학과,https://firebasestorage.googleapis.com/v0/b/ipsi-f2028.firebasestorage.app/o/firebase%2Funiv%2Fkukmin.jpg?alt=media
국민대학교,미래자동차학부,https://firebasestorage.googleapis.com/v0/b/ipsi-f2028.firebasestorage.app/o/firebase%2Funiv%2Fkukmin.jpg?alt=media
국민대학교,미래모빌리티학과,https://firebasestorage.googleapis.com/v0/b/ipsi-f2028.firebasestorage.app/o/firebase%2Funiv%2Fkukmin.jpg?alt=media
국민대학교,전자공학전공,https://firebasestorage.googleapis.com/v0/b/ipsi-f2028.firebasestorage.app/o/firebase%2Funiv%2Fkukmin.jpg?alt=media
국민대학교,전자공학부(전자시스템공학전공),https://firebasestorage.googleapis.com/v0/b/ipsi-f2028.firebasestorage.app/o/firebase%2Funiv%2Fkukmin.jpg?alt=media
국민대학교,에너지전자융합전공,https://firebasestorage.googleapis.com/v0/b/ipsi-f2028.firebasestorage.app/o/firebase%2Funiv%2Fkukmin.jpg?alt=media
국민대학교,융합전자공학전공,https://firebasestorage.googleapis.com/v0/b/ipsi-f2028.firebasestorage.app/o/firebase%2Funiv%2Fkukmin.jpg?alt=media
국민대학교,전자공학부(지능전자공학전공),https://firebasestorage.googleapis.com/v0/b/ipsi-f2028.firebasestorage.app/o/firebase%2Funiv%2Fkukmin.jpg?alt=media
국민대학교,전자공학부(지능형반도체융합전자전공),https://firebasestorage.googleapis.com/v0/b/ipsi-f2028.firebasestorage.app/o/firebase%2Funiv%2Fkukmin.jpg?alt=media
국민대학교,응용화학부(나노소재전공),https://firebasestorage.googleapis.com/v0/b/ipsi-f2028.firebasestorage.app/o/firebase%2Funiv%2Fkukmin.jpg?alt=media
국민대학교,신소재공학부(기계금속재료전공),https://firebasestorage.googleapis.com/v0/b/ipsi-f2028.firebasestorage.app/o/firebase%2Funiv%2Fkukmin.jpg?alt=media
국민대학교,신소재공학부(전자화학재료전공),https://firebasestorage.googleapis.com/v0/b/ipsi-f2028.firebasestorage.app/o/firebase%2Funiv%2Fkukmin.jpg?alt=media
국민대학교,인공지능학부(인공지능전공),https://firebasestorage.googleapis.com/v0/b/ipsi-f2028.firebasestorage.app/o/firebase%2Funiv%2Fkukmin.jpg?alt=media
국민대학교,컴퓨터공학전공,https://firebasestorage.googleapis.com/v0/b/ipsi-f2028.firebasestorage.app/o/firebase%2Funiv%2Fkukmin.jpg?alt=media
국민대학교,소프트웨어학부(소프트웨어전공),https://firebasestorage.googleapis.com/v0/b/ipsi-f2028.firebasestorage.app/o/firebase%2Funiv%2Fkukmin.jpg?alt=media
국민대학교,정보시스템전공,https://firebasestorage.googleapis.com/v0/b/ipsi-f2028.firebasestorage.app/o/firebase%2Funiv%2Fkukmin.jpg?alt=media
국민대학교,임산생명공학과,https://firebasestorage.googleapis.com/v0/b/ipsi-f2028.firebasestorage.app/o/firebase%2Funiv%2Fkukmin.jpg?alt=media
국민대학교,응용화학부(바이오의약전공),https://firebasestorage.googleapis.com/v0/b/ipsi-f2028.firebasestorage.app/o/firebase%2Funiv%2Fkukmin.jpg?alt=media
국민대학교,바이오발효융합학과,https://firebasestorage.googleapis.com/v0/b/ipsi-f2028.firebasestorage.app/o/firebase%2Funiv%2Fkukmin.jpg?alt=media
국민대학교,산림환경시스템학과,https://firebasestorage.googleapis.com/v0/b/ipsi-f2028.firebasestorage.app/o/firebase%2Funiv%2Fkukmin.jpg?alt=media
국민대학교,식품영양학과,https://firebasestorage.googleapis.com/v0/b/ipsi-f2028.firebasestorage.app/o/firebase%2Funiv%2Fkukmin.jpg?alt=media
국민대학교,수학과,https://firebasestorage.googleapis.com/v0/b/ipsi-f2028.firebasestorage.app/o/firebase%2Funiv%2Fkukmin.jpg?alt=media
국민대학교,정보보안암호수학과,https://firebasestorage.googleapis.com/v0/b/ipsi-f2028.firebasestorage.app/o/firebase%2Funiv%2Fkukmin.jpg?alt=media
국민대학교,나노전자물리학과,https://firebasestorage.googleapis.com/v0/b/ipsi-f2028.firebasestorage.app/o/firebase%2Funiv%2Fkukmin.jpg?alt=media
국민대학교,시각디자인학과,https://firebasestorage.googleapis.com/v0/b/ipsi-f2028.firebasestorage.app/o/firebase%2Funiv%2Fkukmin.jpg?alt=media
국민대학교,AI디자인학과,https://firebasestorage.googleapis.com/v0/b/ipsi-f2028.firebasestorage.app/o/firebase%2Funiv%2Fkukmin.jpg?alt=media
국민대학교,의상디자인학과,https://firebasestorage.googleapis.com/v0/b/ipsi-f2028.firebasestorage.app/o/firebase%2Funiv%2Fkukmin.jpg?alt=media
국민대학교,공업디자인학과,https://firebasestorage.googleapis.com/v0/b/ipsi-f2028.firebasestorage.app/o/firebase%2Funiv%2Fkukmin.jpg?alt=media
국민대학교,영상디자인학과,https://firebasestorage.googleapis.com/v0/b/ipsi-f2028.firebasestorage.app/o/firebase%2Funiv%2Fkukmin.jpg?alt=media
국민대학교,공간디자인학과,https://firebasestorage.googleapis.com/v0/b/ipsi-f2028.firebasestorage.app/o/firebase%2Funiv%2Fkukmin.jpg?alt=media
국민대학교,자동차ㆍ운송디자인학과,https://firebasestorage.googleapis.com/v0/b/ipsi-f2028.firebasestorage.app/o/firebase%2Funiv%2Fkukmin.jpg?alt=media
국민대학교,금속공예학과,https://firebasestorage.googleapis.com/v0/b/ipsi-f2028.firebasestorage.app/o/firebase%2Funiv%2Fkukmin.jpg?alt=media
국민대학교,도자공예학과,https://firebasestorage.googleapis.com/v0/b/ipsi-f2028.firebasestorage.app/o/firebase%2Funiv%2Fkukmin.jpg?alt=media
국민대학교,공연예술학부(무용전공),https://firebasestorage.googleapis.com/v0/b/ipsi-f2028.firebasestorage.app/o/firebase%2Funiv%2Fkukmin.jpg?alt=media
국민대학교,스포츠건강재활학과,https://firebasestorage.googleapis.com/v0/b/ipsi-f2028.firebasestorage.app/o/firebase%2Funiv%2Fkukmin.jpg?alt=media
국민대학교,스포츠산업레저학과,https://firebasestorage.googleapis.com/v0/b/ipsi-f2028.firebasestorage.app/o/firebase%2Funiv%2Fkukmin.jpg?alt=media
국민대학교,스포츠교육학과,https://firebasestorage.googleapis.com/v0/b/ipsi-f2028.firebasestorage.app/o/firebase%2Funiv%2Fkukmin.jpg?alt=media
국민대학교,미술학부(입체미술전공),https://firebasestorage.googleapis.com/v0/b/ipsi-f2028.firebasestorage.app/o/firebase%2Funiv%2Fkukmin.jpg?alt=media
국민대학교,미술학부(회화전공),https://firebasestorage.googleapis.com/v0/b/ipsi-f2028.firebasestorage.app/o/firebase%2Funiv%2Fkukmin.jpg?alt=media
국민대학교,공연예술학부(영화전공),https://firebasestorage.googleapis.com/v0/b/ipsi-f2028.firebasestorage.app/o/firebase%2Funiv%2Fkukmin.jpg?alt=media
국민대학교,공연예술학부(연극전공),https://firebasestorage.googleapis.com/v0/b/ipsi-f2028.firebasestorage.app/o/firebase%2Funiv%2Fkukmin.jpg?alt=media
국민대학교,음악학부(관현악전공),https://firebasestorage.googleapis.com/v0/b/ipsi-f2028.firebasestorage.app/o/firebase%2Funiv%2Fkukmin.jpg?alt=media
국민대학교,음악학부(피아노전공),https://firebasestorage.googleapis.com/v0/b/ipsi-f2028.firebasestorage.app/o/firebase%2Funiv%2Fkukmin.jpg?alt=media
국민대학교,음악학부(성악전공),https://firebasestorage.googleapis.com/v0/b/ipsi-f2028.firebasestorage.app/o/firebase%2Funiv%2Fkukmin.jpg?alt=media
국민대학교,음악학부(작곡전공),https://firebasestorage.googleapis.com/v0/b/ipsi-f2028.firebasestorage.app/o/firebase%2Funiv%2Fkukmin.jpg?alt=media
성균관대학교,국어국문학과,https://firebasestorage.googleapis.com/v0/b/ipsi-f2028.firebasestorage.app/o/firebase%2Funiv%2Fsungkyunkwan.jpg?alt=media
성균관대학교,중어중문학과,https://firebasestorage.googleapis.com/v0/b/ipsi-f2028.firebasestorage.app/o/firebase%2Funiv%2Fsungkyunkwan.jpg?alt=media
성균관대학교,한문학과,https://firebasestorage.googleapis.com/v0/b/ipsi-f2028.firebasestorage.app/o/firebase%2Funiv%2Fsungkyunkwan.jpg?alt=media
성균관대학교,영어영문학과,https://firebasestorage.googleapis.com/v0/b/ipsi-f2028.firebasestorage.app/o/firebase%2Funiv%2Fsungkyunkwan.jpg?alt=media
성균관대학교,독어독문학과,https://firebasestorage.googleapis.com/v0/b/ipsi-f2028.firebasestorage.app/o/firebase%2Funiv%2Fsungkyunkwan.jpg?alt=media
성균관대학교,러시아어문학과,https://firebasestorage.googleapis.com/v0/b/ipsi-f2028.firebasestorage.app/o/firebase%2Funiv%2Fsungkyunkwan.jpg?alt=media
성균관대학교,프랑스어문학과,https://firebasestorage.googleapis.com/v0/b/ipsi-f2028.firebasestorage.app/o/firebase%2Funiv%2Fsungkyunkwan.jpg?alt=media
성균관대학교,문헌정보학과,https://firebasestorage.googleapis.com/v0/b/ipsi-f2028.firebasestorage.app/o/firebase%2Funiv%2Fsungkyunkwan.jpg?alt=media
성균관대학교,글로벌융합학부(컬처앤테크놀로지융합전공),https://firebasestorage.googleapis.com/v0/b/ipsi-f2028.firebasestorage.app/o/firebase%2Funiv%2Fsungkyunkwan.jpg?alt=media
성균관대학교,심리학과,https://firebasestorage.googleapis.com/v0/b/ipsi-f2028.firebasestorage.app/o/firebase%2Funiv%2Fsungkyunkwan.jpg?alt=media
성균관대학교,사학과,https://firebasestorage.googleapis.com/v0/b/ipsi-f2028.firebasestorage.app/o/firebase%2Funiv%2Fsungkyunkwan.jpg?alt=media
성균관대학교,철학과,https://firebasestorage.googleapis.com/v0/b/ipsi-f2028.firebasestorage.app/o/firebase%2Funiv%2Fsungkyunkwan.jpg?alt=media
성균관대학교,유학ㆍ동양학과,https://firebasestorage.googleapis.com/v0/b/ipsi-f2028.firebasestorage.app/o/firebase%2Funiv%2Fsungkyunkwan.jpg?alt=media
성균관대학교,경영학과,https://firebasestorage.googleapis.com/v0/b/ipsi-f2028.firebasestorage.app/o/firebase%2Funiv%2Fsungkyunkwan.jpg?alt=media
성균관대학교,글로벌경영학과,https://firebasestorage.googleapis.com/v0/b/ipsi-f2028.firebasestorage.app/o/firebase%2Funiv%2Fsungkyunkwan.jpg?alt=media
성균관대학교,글로벌리더학부,https://firebasestorage.googleapis.com/v0/b/ipsi-f2028.firebasestorage.app/o/firebase%2Funiv%2Fsungkyunkwan.jpg?alt=media
성균관대학교,에너지학과,https://firebasestorage.googleapis.com/v0/b/ipsi-f2028.firebasestorage.app/o/firebase%2Funiv%2Fsungkyunkwan.jpg?alt=media
성균관대학교,글로벌바이오메디털공학과,https://firebasestorage.googleapis.com/v0/b/ipsi-f2028.firebasestorage.app/o/firebase%2Funiv%2Fsungkyunkwan.jpg?alt=media
성균관대학교,응용AI융합학부,https://firebasestorage.googleapis.com/v0/b/ipsi-f2028.firebasestorage.app/o/firebase%2Funiv%2Fsungkyunkwan.jpg?alt=media
성균관대학교,경제학과,https://firebasestorage.googleapis.com/v0/b/ipsi-f2028.firebasestorage.app/o/firebase%2Funiv%2Fsungkyunkwan.jpg?alt=media
성균관대학교,글로벌경제학과,https://firebasestorage.googleapis.com/v0/b/ipsi-f2028.firebasestorage.app/o/firebase%2Funiv%2Fsungkyunkwan.jpg?alt=media
성균관대학교,법학과,https://firebasestorage.googleapis.com/v0/b/ipsi-f2028.firebasestorage.app/o/firebase%2Funiv%2Fsungkyunkwan.jpg?alt=media
성균관대학교,사회복지학과,https://firebasestorage.googleapis.com/v0/b/ipsi-f2028.firebasestorage.app/o/firebase%2Funiv%2Fsungkyunkwan.jpg?alt=media
성균관대학교,아동ㆍ청소년학과,https://firebasestorage.googleapis.com/v0/b/ipsi-f2028.firebasestorage.app/o/firebase%2Funiv%2Fsungkyunkwan.jpg?alt=media
성균관대학교,사회학과,https://firebasestorage.googleapis.com/v0/b/ipsi-f2028.firebasestorage.app/o/firebase%2Funiv%2Fsungkyunkwan.jpg?alt=media
성균관대학교,신문방송학과,https://firebasestorage.googleapis.com/v0/b/ipsi-f2028.firebasestorage.app/o/firebase%2Funiv%2Fsungkyunkwan.jpg?alt=media
성균관대학교,미디어커뮤니케이션학과,https://firebasestorage.googleapis.com/v0/b/ipsi-f2028.firebasestorage.app/o/firebase%2Funiv%2Fsungkyunkwan.jpg?alt=media
성균관대학교,정치외교학과,https://firebasestorage.googleapis.com/v0/b/ipsi-f2028.firebasestorage.app/o/firebase%2Funiv%2Fsungkyunkwan.jpg?alt=media
성균관대학교,행정학과,https://firebasestorage.googleapis.com/v0/b/ipsi-f2028.firebasestorage.app/o/firebase%2Funiv%2Fsungkyunkwan.jpg?alt=media
성균관대학교,교육학과,https://firebasestorage.googleapis.com/v0/b/ipsi-f2028.firebasestorage.app/o/firebase%2Funiv%2Fsungkyunkwan.jpg?alt=media
성균관대학교,한문교육과,https://firebasestorage.googleapis.com/v0/b/ipsi-f2028.firebasestorage.app/o/firebase%2Funiv%2Fsungkyunkwan.jpg?alt=media
성균관대학교,컴퓨터교육과,https://firebasestorage.googleapis.com/v0/b/ipsi-f2028.firebasestorage.app/o/firebase%2Funiv%2Fsungkyunkwan.jpg?alt=media
성균관대학교,수학교육과,https://firebasestorage.googleapis.com/v0/b/ipsi-f2028.firebasestorage.app/o/firebase%2Funiv%2Fsungkyunkwan.jpg?alt=media
성균관대학교,지능형소프트웨어학과,https://firebasestorage.googleapis.com/v0/b/ipsi-f2028.firebasestorage.app/o/firebase%2Funiv%2Fsungkyunkwan.jpg?alt=media
성균관대학교,글로벌융합학부(데이터사이언스융합전공),https://firebasestorage.googleapis.com/v0/b/ipsi-f2028.firebasestorage.app/o/firebase%2Funiv%2Fsungkyunkwan.jpg?alt=media
성균관대학교,글로벌융합학부(인공지능융합전공),https://firebasestorage.googleapis.com/v0/b/ipsi-f2028.firebasestorage.app/o/firebase%2Funiv%2Fsungkyunkwan.jpg?alt=media
성균관대학교,글로벌융합학부(자기설계융합전공),https://firebasestorage.googleapis.com/v0/b/ipsi-f2028.firebasestorage.app/o/firebase%2Funiv%2Fsungkyunkwan.jpg?alt=media
성균관대학교,화학공학부,https://firebasestorage.googleapis.com/v0/b/ipsi-f2028.firebasestorage.app/o/firebase%2Funiv%2Fsungkyunkwan.jpg?alt=media
성균관대학교,신소재공학부,https://firebasestorage.googleapis.com/v0/b/ipsi-f2028.firebasestorage.app/o/firebase%2Funiv%2Fsungkyunkwan.jpg?alt=media
성균관대학교,기계공학부,https://firebasestorage.googleapis.com/v0/b/ipsi-f2028.firebasestorage.app/o/firebase%2Funiv%2Fsungkyunkwan.jpg?alt=media
성균관대학교,건설환경공학부,https://firebasestorage.googleapis.com/v0/b/ipsi-f2028.firebasestorage.app/o/firebase%2Funiv%2Fsungkyunkwan.jpg?alt=media
성균관대학교,시스템경영공학과,https://firebasestorage.googleapis.com/v0/b/ipsi-f2028.firebasestorage.app/o/firebase%2Funiv%2Fsungkyunkwan.jpg?alt=media
성균관대학교,건축학과(건축학계열),https://firebasestorage.googleapis.com/v0/b/ipsi-f2028.firebasestorage.app/o/firebase%2Funiv%2Fsungkyunkwan.jpg?alt=media
성균관대학교,나노공학과,https://firebasestorage.googleapis.com/v0/b/ipsi-f2028.firebasestorage.app/o/firebase%2Funiv%2Fsungkyunkwan.jpg?alt=media
성균관대학교,양자정보공학과,https://firebasestorage.googleapis.com/v0/b/ipsi-f2028.firebasestorage.app/o/firebase%2Funiv%2Fsungkyunkwan.jpg?alt=media
성균관대학교,의학과,https://firebasestorage.googleapis.com/v0/b/ipsi-f2028.firebasestorage.app/o/firebase%2Funiv%2Fsungkyunkwan.jpg?alt=media
성균관대학교,약학과,https://firebasestorage.googleapis.com/v0/b/ipsi-f2028.firebasestorage.app/o/firebase%2Funiv%2Fsungkyunkwan.jpg?alt=media
성균관대학교,식품생명공학과,https://firebasestorage.googleapis.com/v0/b/ipsi-f2028.firebasestorage.app/o/firebase%2Funiv%2Fsungkyunkwan.jpg?alt=media
성균관대학교,바이오메카트로닉스학과,https://firebasestorage.googleapis.com/v0/b/ipsi-f2028.firebasestorage.app/o/firebase%2Funiv%2Fsungkyunkwan.jpg?alt=media
성균관대학교,융합생명공학과,https://firebasestorage.googleapis.com/v0/b/ipsi-f2028.firebasestorage.app/o/firebase%2Funiv%2Fsungkyunkwan.jpg?alt=media
성균관대학교,소비자가족학과,https://firebasestorage.googleapis.com/v0/b/ipsi-f2028.firebasestorage.app/o/firebase%2Funiv%2Fsungkyunkwan.jpg?alt=media
성균관대학교,소비자학과,https://firebasestorage.googleapis.com/v0/b/ipsi-f2028.firebasestorage.app/o/firebase%2Funiv%2Fsungkyunkwan.jpg?alt=media
성균관대학교,의상학과,https://firebasestorage.googleapis.com/v0/b/ipsi-f2028.firebasestorage.app/o/firebase%2Funiv%2Fsungkyunkwan.jpg?alt=media
성균관대학교,통계학과,https://firebasestorage.googleapis.com/v0/b/ipsi-f2028.firebasestorage.app/o/firebase%2Funiv%2Fsungkyunkwan.jpg?alt=media
성균관대학교,디자인학과,https://firebasestorage.googleapis.com/v0/b/ipsi-f2028.firebasestorage.app/o/firebase%2Funiv%2Fsungkyunkwan.jpg?alt=media
성균관대학교,예술대학,https://firebasestorage.googleapis.com/v0/b/ipsi-f2028.firebasestorage.app/o/firebase%2Funiv%2Fsungkyunkwan.jpg?alt=media
성균관대학교,영상학과,https://firebasestorage.googleapis.com/v0/b/ipsi-f2028.firebasestorage.app/o/firebase%2Funiv%2Fsungkyunkwan.jpg?alt=media
성균관대학교,무용학과,https://firebasestorage.googleapis.com/v0/b/ipsi-f2028.firebasestorage.app/o/firebase%2Funiv%2Fsungkyunkwan.jpg?alt=media
성균관대학교,미술학과,https://firebasestorage.googleapis.com/v0/b/ipsi-f2028.firebasestorage.app/o/firebase%2Funiv%2Fsungkyunkwan.jpg?alt=media
성균관대학교,연기예술학과,https://firebasestorage.googleapis.com/v0/b/ipsi-f2028.firebasestorage.app/o/firebase%2Funiv%2Fsungkyunkwan.jpg?alt=media
한양대학교,국어국문학과,https://firebasestorage.googleapis.com/v0/b/ipsi-f2028.firebasestorage.app/o/firebase%2Funiv%2Fhanyang.jpg?alt=media
한양대학교,중어중문학과,https://firebasestorage.googleapis.com/v0/b/ipsi-f2028.firebasestorage.app/o/firebase%2Funiv%2Fhanyang.jpg?alt=media
한양대학교,영어영문학과,https://firebasestorage.googleapis.com/v0/b/ipsi-f2028.firebasestorage.app/o/firebase%2Funiv%2Fhanyang.jpg?alt=media
한양대학교,독어독문학과,https://firebasestorage.googleapis.com/v0/b/ipsi-f2028.firebasestorage.app/o/firebase%2Funiv%2Fhanyang.jpg?alt=media
한양대학교,사학과,https://firebasestorage.googleapis.com/v0/b/ipsi-f2028.firebasestorage.app/o/firebase%2Funiv%2Fhanyang.jpg?alt=media
한양대학교,글로벌한국학전공,https://firebasestorage.googleapis.com/v0/b/ipsi-f2028.firebasestorage.app/o/firebase%2Funiv%2Fhanyang.jpg?alt=media
한양대학교,철학과,https://firebasestorage.googleapis.com/v0/b/ipsi-f2028.firebasestorage.app/o/firebase%2Funiv%2Fhanyang.jpg?alt=media
한양대학교,대중문화ㆍ시나리오학과,https://firebasestorage.googleapis.com/v0/b/ipsi-f2028.firebasestorage.app/o/firebase%2Funiv%2Fhanyang.jpg?alt=media
한양대학교,미래인문학융합전공학부,https://firebasestorage.googleapis.com/v0/b/ipsi-f2028.firebasestorage.app/o/firebase%2Funiv%2Fhanyang.jpg?alt=media
한양대학교,창의융합교육원(인문사회),https://firebasestorage.googleapis.com/v0/b/ipsi-f2028.firebasestorage.app/o/firebase%2Funiv%2Fhanyang.jpg?alt=media
한양대학교,경영학부,https://firebasestorage.googleapis.com/v0/b/ipsi-f2028.firebasestorage.app/o/firebase%2Funiv%2Fhanyang.jpg?alt=media
한양대학교,스포츠산업학과,https://firebasestorage.googleapis.com/v0/b/ipsi-f2028.firebasestorage.app/o/firebase%2Funiv%2Fhanyang.jpg?alt=media
한양대학교,파이낸스경영학과,https://firebasestorage.googleapis.com/v0/b/ipsi-f2028.firebasestorage.app/o/firebase%2Funiv%2Fhanyang.jpg?alt=media
한양대학교,스포츠매니지먼트전공,https://firebasestorage.googleapis.com/v0/b/ipsi-f2028.firebasestorage.app/o/firebase%2Funiv%2Fhanyang.jpg?alt=media
한양대학교,경제금융학부,https://firebasestorage.googleapis.com/v0/b/ipsi-f2028.firebasestorage.app/o/firebase%2Funiv%2Fhanyang.jpg?alt=media
한양대학교,관광학부,https://firebasestorage.googleapis.com/v0/b/ipsi-f2028.firebasestorage.app/o/firebase%2Funiv%2Fhanyang.jpg?alt=media
한양대학교,국제학부,https://firebasestorage.googleapis.com/v0/b/ipsi-f2028.firebasestorage.app/o/firebase%2Funiv%2Fhanyang.jpg?alt=media
한양대학교,국제학전공,https://firebasestorage.googleapis.com/v0/b/ipsi-f2028.firebasestorage.app/o/firebase%2Funiv%2Fhanyang.jpg?alt=media
한양대학교,사회학과,https://firebasestorage.googleapis.com/v0/b/ipsi-f2028.firebasestorage.app/o/firebase%2Funiv%2Fhanyang.jpg?alt=media
한양대학교,미디어커뮤니케이션학과,https://firebasestorage.googleapis.com/v0/b/ipsi-f2028.firebasestorage.app/o/firebase%2Funiv%2Fhanyang.jpg?alt=media
한양대학교,정치외교학과,https://firebasestorage.googleapis.com/v0/b/ipsi-f2028.firebasestorage.app/o/firebase%2Funiv%2Fhanyang.jpg?alt=media
한양대학교,정책학과,https://firebasestorage.googleapis.com/v0/b/ipsi-f2028.firebasestorage.app/o/firebase%2Funiv%2Fhanyang.jpg?alt=media
한양대학교,행정학과,https://firebasestorage.googleapis.com/v0/b/ipsi-f2028.firebasestorage.app/o/firebase%2Funiv%2Fhanyang.jpg?alt=media
한양대학교,교육공학과,https://firebasestorage.googleapis.com/v0/b/ipsi-f2028.firebasestorage.app/o/firebase%2Funiv%2Fhanyang.jpg?alt=media
한양대학교,교육학과,https://firebasestorage.googleapis.com/v0/b/ipsi-f2028.firebasestorage.app/o/firebase%2Funiv%2Fhanyang.jpg?alt=media
한양대학교,국어교육과,https://firebasestorage.googleapis.com/v0/b/ipsi-f2028.firebasestorage.app/o/firebase%2Funiv%2Fhanyang.jpg?alt=media
한양대학교,영어교육과,https://firebasestorage.googleapis.com/v0/b/ipsi-f2028.firebasestorage.app/o/firebase%2Funiv%2Fhanyang.jpg?alt=media
한양대학교,수학교육과,https://firebasestorage.googleapis.com/v0/b/ipsi-f2028.firebasestorage.app/o/firebase%2Funiv%2Fhanyang.jpg?alt=media
한양대학교,건축공학부,https://firebasestorage.googleapis.com/v0/b/ipsi-f2028.firebasestorage.app/o/firebase%2Funiv%2Fhanyang.jpg?alt=media
한양대학교,건축학부,https://firebasestorage.googleapis.com/v0/b/ipsi-f2028.firebasestorage.app/o/firebase%2Funiv%2Fhanyang.jpg?alt=media
한양대학교,건설환경공학과,https://firebasestorage.googleapis.com/v0/b/ipsi-f2028.firebasestorage.app/o/firebase%2Funiv%2Fhanyang.jpg?alt=media
한양대학교,도시공학과,https://firebasestorage.googleapis.com/v0/b/ipsi-f2028.firebasestorage.app/o/firebase%2Funiv%2Fhanyang.jpg?alt=media
한양대학교,기계공학부,https://firebasestorage.googleapis.com/v0/b/ipsi-f2028.firebasestorage.app/o/firebase%2Funiv%2Fhanyang.jpg?alt=media
한양대학교,미래자동차공학과,https://firebasestorage.googleapis.com/v0/b/ipsi-f2028.firebasestorage.app/o/firebase%2Funiv%2Fhanyang.jpg?alt=media
한양대학교,전기ㆍ생체공학부(전기공학전공),https://firebasestorage.googleapis.com/v0/b/ipsi-f2028.firebasestorage.app/o/firebase%2Funiv%2Fhanyang.jpg?alt=media
한양대학교,융합전자공학부,https://firebasestorage.googleapis.com/v0/b/ipsi-f2028.firebasestorage.app/o/firebase%2Funiv%2Fhanyang.jpg?alt=media
한양대학교,에너지공학과,https://firebasestorage.googleapis.com/v0/b/ipsi-f2028.firebasestorage.app/o/firebase%2Funiv%2Fhanyang.jpg?alt=media
한양대학교,원자력공학과,https://firebasestorage.googleapis.com/v0/b/ipsi-f2028.firebasestorage.app/o/firebase%2Funiv%2Fhanyang.jpg?alt=media
한양대학교,반도체공학과,https://firebasestorage.googleapis.com/v0/b/ipsi-f2028.firebasestorage.app/o/firebase%2Funiv%2Fhanyang.jpg?alt=media
한양대학교,신소재공학부,https://firebasestorage.googleapis.com/v0/b/ipsi-f2028.firebasestorage.app/o/firebase%2Funiv%2Fhanyang.jpg?alt=media
한양대학교,컴퓨터전공,https://firebasestorage.googleapis.com/v0/b/ipsi-f2028.firebasestorage.app/o/firebase%2Funiv%2Fhanyang.jpg?alt=media
한양대학교,컴퓨터소프트웨어학부,https://firebasestorage.googleapis.com/v0/b/ipsi-f2028.firebasestorage.app/o/firebase%2Funiv%2Fhanyang.jpg?alt=media
한양대학교,정보공학전공,https://firebasestorage.googleapis.com/v0/b/ipsi-f2028.firebasestorage.app/o/firebase%2Funiv%2Fhanyang.jpg?alt=media
한양대학교,데이터융합서비스디자인융합전공,https://firebasestorage.googleapis.com/v0/b/ipsi-f2028.firebasestorage.app/o/firebase%2Funiv%2Fhanyang.jpg?alt=media
한양대학교,디지털혁신전략융합전공,https://firebasestorage.googleapis.com/v0/b/ipsi-f2028.firebasestorage.app/o/firebase%2Funiv%2Fhanyang.jpg?alt=media
한양대학교,정보시스템학과,https://firebasestorage.googleapis.com/v0/b/ipsi-f2028.firebasestorage.app/o/firebase%2Funiv%2Fhanyang.jpg?alt=media
한양대학교,데이터사이언스학과,https://firebasestorage.googleapis.com/v0/b/ipsi-f2028.firebasestorage.app/o/firebase%2Funiv%2Fhanyang.jpg?alt=media
한양대학교,산업공학과,https://firebasestorage.googleapis.com/v0/b/ipsi-f2028.firebasestorage.app/o/firebase%2Funiv%2Fhanyang.jpg?alt=media
한양대학교,경영공학전공,https://firebasestorage.googleapis.com/v0/b/ipsi-f2028.firebasestorage.app/o/firebase%2Funiv%2Fhanyang.jpg?alt=media
한양대학교,산업융합학부,https://firebasestorage.googleapis.com/v0/b/ipsi-f2028.firebasestorage.app/o/firebase%2Funiv%2Fhanyang.jpg?alt=media
한양대학교,응용시스템전공,https://firebasestorage.googleapis.com/v0/b/ipsi-f2028.firebasestorage.app/o/firebase%2Funiv%2Fhanyang.jpg?alt=media
한양대학교,정보공학전공,https://firebasestorage.googleapis.com/v0/b/ipsi-f2028.firebasestorage.app/o/firebase%2Funiv%2Fhanyang.jpg?alt=media
한양대학교,화학공학과,https://firebasestorage.googleapis.com/v0/b/ipsi-f2028.firebasestorage.app/o/firebase%2Funiv%2Fhanyang.jpg?alt=media
한양대학교,창의융합교육원(공학),https://firebasestorage.googleapis.com/v0/b/ipsi-f2028.firebasestorage.app/o/firebase%2Funiv%2Fhanyang.jpg?alt=media
한양대학교,생명공학과,https://firebasestorage.googleapis.com/v0/b/ipsi-f2028.firebasestorage.app/o/firebase%2Funiv%2Fhanyang.jpg?alt=media
한양대학교,생명과학과,https://firebasestorage.googleapis.com/v0/b/ipsi-f2028.firebasestorage.app/o/firebase%2Funiv%2Fhanyang.jpg?alt=media
한양대학교,생체공학전공,https://firebasestorage.googleapis.com/v0/b/ipsi-f2028.firebasestorage.app/o/firebase%2Funiv%2Fhanyang.jpg?alt=media
한양대학교,심리뇌과학과,https://firebasestorage.googleapis.com/v0/b/ipsi-f2028.firebasestorage.app/o/firebase%2Funiv%2Fhanyang.jpg?alt=media
한양대학교,심리뇌과학전공,https://firebasestorage.googleapis.com/v0/b/ipsi-f2028.firebasestorage.app/o/firebase%2Funiv%2Fhanyang.jpg?alt=media
한양대학교,자원환경공학과,https://firebasestorage.googleapis.com/v0/b/ipsi-f2028.firebasestorage.app/o/firebase%2Funiv%2Fhanyang.jpg?alt=media
한양대학교,화학과,https://firebasestorage.googleapis.com/v0/b/ipsi-f2028.firebasestorage.app/o/firebase%2Funiv%2Fhanyang.jpg?alt=media
한양대학교,식품영양학과,https://firebasestorage.googleapis.com/v0/b/ipsi-f2028.firebasestorage.app/o/firebase%2Funiv%2Fhanyang.jpg?alt=media
한양대학교,의류학과,https://firebasestorage.googleapis.com/v0/b/ipsi-f2028.firebasestorage.app/o/firebase%2Funiv%2Fhanyang.jpg?alt=media
한양대학교,수학과,https://firebasestorage.googleapis.com/v0/b/ipsi-f2028.firebasestorage.app/o/firebase%2Funiv%2Fhanyang.jpg?alt=media
한양대학교,데이터사이언스학부,https://firebasestorage.googleapis.com/v0/b/ipsi-f2028.firebasestorage.app/o/firebase%2Funiv%2Fhanyang.jpg?alt=media
한양대학교,물리학과,https://firebasestorage.googleapis.com/v0/b/ipsi-f2028.firebasestorage.app/o/firebase%2Funiv%2Fhanyang.jpg?alt=media
한양대학교,유기나노공학과,https://firebasestorage.googleapis.com/v0/b/ipsi-f2028.firebasestorage.app/o/firebase%2Funiv%2Fhanyang.jpg?alt=media
한양대학교,창의융합교육원(자연과학),https://firebasestorage.googleapis.com/v0/b/ipsi-f2028.firebasestorage.app/o/firebase%2Funiv%2Fhanyang.jpg?alt=media
한양대학교,의예과,https://firebasestorage.googleapis.com/v0/b/ipsi-f2028.firebasestorage.app/o/firebase%2Funiv%2Fhanyang.jpg?alt=media
한양대학교,의학과,https://firebasestorage.googleapis.com/v0/b/ipsi-f2028.firebasestorage.app/o/firebase%2Funiv%2Fhanyang.jpg?alt=media
한양대학교,간호학과,https://firebasestorage.googleapis.com/v0/b/ipsi-f2028.firebasestorage.app/o/firebase%2Funiv%2Fhanyang.jpg?alt=media
한양대학교,간호학과(야간),https://firebasestorage.googleapis.com/v0/b/ipsi-f2028.firebasestorage.app/o/firebase%2Funiv%2Fhanyang.jpg?alt=media
한양대학교,전기ㆍ생체공학부(바이오메디컬공학전공),https://firebasestorage.googleapis.com/v0/b/ipsi-f2028.firebasestorage.app/o/firebase%2Funiv%2Fhanyang.jpg?alt=media
한양대학교,실내건축디자인학과,https://firebasestorage.googleapis.com/v0/b/ipsi-f2028.firebasestorage.app/o/firebase%2Funiv%2Fhanyang.jpg?alt=media
한양대학교,창의융합교육원(예체능),https://firebasestorage.googleapis.com/v0/b/ipsi-f2028.firebasestorage.app/o/firebase%2Funiv%2Fhanyang.jpg?alt=media
한양대학교,무용학과,https://firebasestorage.googleapis.com/v0/b/ipsi-f2028.firebasestorage.app/o/firebase%2Funiv%2Fhanyang.jpg?alt=media
한양대학교,체육학과,https://firebasestorage.googleapis.com/v0/b/ipsi-f2028.firebasestorage.app/o/firebase%2Funiv%2Fhanyang.jpg?alt=media
한양대학교,스포츠사이언스전공,https://firebasestorage.googleapis.com/v0/b/ipsi-f2028.firebasestorage.app/o/firebase%2Funiv%2Fhanyang.jpg?alt=media
한양대학교,응용미술교육과,https://firebasestorage.googleapis.com/v0/b/ipsi-f2028.firebasestorage.app/o/firebase%2Funiv%2Fhanyang.jpg?alt=media
한양대학교,연극영화학과,https://firebasestorage.googleapis.com/v0/b/ipsi-f2028.firebasestorage.app/o/firebase%2Funiv%2Fhanyang.jpg?alt=media
한양대학교,국악과,https://firebasestorage.googleapis.com/v0/b/ipsi-f2028.firebasestorage.app/o/firebase%2Funiv%2Fhanyang.jpg?alt=media
한양대학교,관현악과,https://firebasestorage.googleapis.com/v0/b/ipsi-f2028.firebasestorage.app/o/firebase%2Funiv%2Fhanyang.jpg?alt=media
한양대학교,피아노과,https://firebasestorage.googleapis.com/v0/b/ipsi-f2028.firebasestorage.app/o/firebase%2Funiv%2Fhanyang.jpg?alt=media
한양대학교,성악과,https://firebasestorage.googleapis.com/v0/b/ipsi-f2028.firebasestorage.app/o/firebase%2Funiv%2Fhanyang.jpg?alt=media
한양대학교,작곡과,https://firebasestorage.googleapis.com/v0/b/ipsi-f2028.firebasestorage.app/o/firebase%2Funiv%2Fhanyang.jpg?alt=media
서강대학교,국어국문학과,https://firebasestorage.googleapis.com/v0/b/ipsi-f2028.firebasestorage.app/o/firebase%2Funiv%2Fsogang.jpg?alt=media
서강대학교,영문학부(영미어문전공),https://firebasestorage.googleapis.com/v0/b/ipsi-f2028.firebasestorage.app/o/firebase%2Funiv%2Fsogang.jpg?alt=media
서강대학교,글로벌한국학부,https://firebasestorage.googleapis.com/v0/b/ipsi-f2028.firebasestorage.app/o/firebase%2Funiv%2Fsogang.jpg?alt=media
서강대학교,독일문화전공,https://firebasestorage.googleapis.com/v0/b/ipsi-f2028.firebasestorage.app/o/firebase%2Funiv%2Fsogang.jpg?alt=media
서강대학교,유럽문화학과,https://firebasestorage.googleapis.com/v0/b/ipsi-f2028.firebasestorage.app/o/firebase%2Funiv%2Fsogang.jpg?alt=media
서강대학교,연계전공(교육문화전공),https://firebasestorage.googleapis.com/v0/b/ipsi-f2028.firebasestorage.app/o/firebase%2Funiv%2Fsogang.jpg?alt=media
서강대학교,심리학과,https://firebasestorage.googleapis.com/v0/b/ipsi-f2028.firebasestorage.app/o/firebase%2Funiv%2Fsogang.jpg?alt=media
서강대학교,사학과,https://firebasestorage.googleapis.com/v0/b/ipsi-f2028.firebasestorage.app/o/firebase%2Funiv%2Fsogang.jpg?alt=media
서강대학교,종교학과,https://firebasestorage.googleapis.com/v0/b/ipsi-f2028.firebasestorage.app/o/firebase%2Funiv%2Fsogang.jpg?alt=media
서강대학교,일본문화전공,https://firebasestorage.googleapis.com/v0/b/ipsi-f2028.firebasestorage.app/o/firebase%2Funiv%2Fsogang.jpg?alt=media
서강대학교,프랑스문화전공,https://firebasestorage.googleapis.com/v0/b/ipsi-f2028.firebasestorage.app/o/firebase%2Funiv%2Fsogang.jpg?alt=media
서강대학교,중국문화전공,https://firebasestorage.googleapis.com/v0/b/ipsi-f2028.firebasestorage.app/o/firebase%2Funiv%2Fsogang.jpg?alt=media
서강대학교,국제한국학전공,https://firebasestorage.googleapis.com/v0/b/ipsi-f2028.firebasestorage.app/o/firebase%2Funiv%2Fsogang.jpg?alt=media
서강대학교,글로벌한국학과,https://firebasestorage.googleapis.com/v0/b/ipsi-f2028.firebasestorage.app/o/firebase%2Funiv%2Fsogang.jpg?alt=media
서강대학교,연계전공(일본문화전공),https://firebasestorage.googleapis.com/v0/b/ipsi-f2028.firebasestorage.app/o/firebase%2Funiv%2Fsogang.jpg?alt=media
서강대학교,영문학부(미국문화전공),https://firebasestorage.googleapis.com/v0/b/ipsi-f2028.firebasestorage.app/o/firebase%2Funiv%2Fsogang.jpg?alt=media
서강대학교,중국문화학과,https://firebasestorage.googleapis.com/v0/b/ipsi-f2028.firebasestorage.app/o/firebase%2Funiv%2Fsogang.jpg?alt=media
서강대학교,철학과,https://firebasestorage.googleapis.com/v0/b/ipsi-f2028.firebasestorage.app/o/firebase%2Funiv%2Fsogang.jpg?alt=media
서강대학교,융합교육원,https://firebasestorage.googleapis.com/v0/b/ipsi-f2028.firebasestorage.app/o/firebase%2Funiv%2Fsogang.jpg?alt=media
서강대학교,연계전공(디지털인문학전공),https://firebasestorage.googleapis.com/v0/b/ipsi-f2028.firebasestorage.app/o/firebase%2Funiv%2Fsogang.jpg?alt=media
서강대학교,전인교육원,https://firebasestorage.googleapis.com/v0/b/ipsi-f2028.firebasestorage.app/o/firebase%2Funiv%2Fsogang.jpg?alt=media
서강대학교,경영학부(경영학전공),https://firebasestorage.googleapis.com/v0/b/ipsi-f2028.firebasestorage.app/o/firebase%2Funiv%2Fsogang.jpg?alt=media
서강대학교,아트앤테크놀로지전공,https://firebasestorage.googleapis.com/v0/b/ipsi-f2028.firebasestorage.app/o/firebase%2Funiv%2Fsogang.jpg?alt=media
서강대학교,연계전공(스타트업전공),https://firebasestorage.googleapis.com/v0/b/ipsi-f2028.firebasestorage.app/o/firebase%2Funiv%2Fsogang.jpg?alt=media
서강대학교,경제학과,https://firebasestorage.googleapis.com/v0/b/ipsi-f2028.firebasestorage.app/o/firebase%2Funiv%2Fsogang.jpg?alt=media
서강대학교,연계전공(여성학전공),https://firebasestorage.googleapis.com/v0/b/ipsi-f2028.firebasestorage.app/o/firebase%2Funiv%2Fsogang.jpg?alt=media
서강대학교,게페르트국제학부,https://firebasestorage.googleapis.com/v0/b/ipsi-f2028.firebasestorage.app/o/firebase%2Funiv%2Fsogang.jpg?alt=media
서강대학교,사회학과,https://firebasestorage.googleapis.com/v0/b/ipsi-f2028.firebasestorage.app/o/firebase%2Funiv%2Fsogang.jpg?alt=media
서강대학교,신문방송학과,https://firebasestorage.googleapis.com/v0/b/ipsi-f2028.firebasestorage.app/o/firebase%2Funiv%2Fsogang.jpg?alt=media
서강대학교,연계전공(스포츠미디어전공),https://firebasestorage.googleapis.com/v0/b/ipsi-f2028.firebasestorage.app/o/firebase%2Funiv%2Fsogang.jpg?alt=media
서강대학교,미디어&엔터테인먼트학과,https://firebasestorage.googleapis.com/v0/b/ipsi-f2028.firebasestorage.app/o/firebase%2Funiv%2Fsogang.jpg?alt=media
서강대학교,연계전공(바이오융합기술전공),https://firebasestorage.googleapis.com/v0/b/ipsi-f2028.firebasestorage.app/o/firebase%2Funiv%2Fsogang.jpg?alt=media
서강대학교,연계전공(동아시아학전공),https://firebasestorage.googleapis.com/v0/b/ipsi-f2028.firebasestorage.app/o/firebase%2Funiv%2Fsogang.jpg?alt=media
서강대학교,연계전공(한국발전과국제개발협력전공),https://firebasestorage.googleapis.com/v0/b/ipsi-f2028.firebasestorage.app/o/firebase%2Funiv%2Fsogang.jpg?alt=media
서강대학교,연계전공(정치학경제학철학(PEP)전공),https://firebasestorage.googleapis.com/v0/b/ipsi-f2028.firebasestorage.app/o/firebase%2Funiv%2Fsogang.jpg?alt=media
서강대학교,정치외교학과,https://firebasestorage.googleapis.com/v0/b/ipsi-f2028.firebasestorage.app/o/firebase%2Funiv%2Fsogang.jpg?alt=media
서강대학교,사회과학계,https://firebasestorage.googleapis.com/v0/b/ipsi-f2028.firebasestorage.app/o/firebase%2Funiv%2Fsogang.jpg?alt=media
서강대학교,연계전공(공공인재전공),https://firebasestorage.googleapis.com/v0/b/ipsi-f2028.firebasestorage.app/o/firebase%2Funiv%2Fsogang.jpg?alt=media
서강대학교,글로벌융합학부,https://firebasestorage.googleapis.com/v0/b/ipsi-f2028.firebasestorage.app/o/firebase%2Funiv%2Fsogang.jpg?alt=media
서강대학교,지식융합미디어학부,https://firebasestorage.googleapis.com/v0/b/ipsi-f2028.firebasestorage.app/o/firebase%2Funiv%2Fsogang.jpg?alt=media
서강대학교,기계공학과,https://firebasestorage.googleapis.com/v0/b/ipsi-f2028.firebasestorage.app/o/firebase%2Funiv%2Fsogang.jpg?alt=media
서강대학교,전자공학과,https://firebasestorage.googleapis.com/v0/b/ipsi-f2028.firebasestorage.app/o/firebase%2Funiv%2Fsogang.jpg?alt=media
서강대학교,시스템반도체공학,https://firebasestorage.googleapis.com/v0/b/ipsi-f2028.firebasestorage.app/o/firebase%2Funiv%2Fsogang.jpg?alt=media
서강대학교,인공지능학,https://firebasestorage.googleapis.com/v0/b/ipsi-f2028.firebasestorage.app/o/firebase%2Funiv%2Fsogang.jpg?alt=media
서강대학교,연계전공(한국사회문화전공),https://firebasestorage.googleapis.com/v0/b/ipsi-f2028.firebasestorage.app/o/firebase%2Funiv%2Fsogang.jpg?alt=media
서강대학교,연계전공(인공지능전공),https://firebasestorage.googleapis.com/v0/b/ipsi-f2028.firebasestorage.app/o/firebase%2Funiv%2Fsogang.jpg?alt=media
서강대학교,컴퓨터공학과,https://firebasestorage.googleapis.com/v0/b/ipsi-f2028.firebasestorage.app/o/firebase%2Funiv%2Fsogang.jpg?alt=media
서강대학교,연계전공(융합소프트웨어전공),https://firebasestorage.googleapis.com/v0/b/ipsi-f2028.firebasestorage.app/o/firebase%2Funiv%2Fsogang.jpg?alt=media
서강대학교,연계전공(빅데이터사이언스전공),https://firebasestorage.googleapis.com/v0/b/ipsi-f2028.firebasestorage.app/o/firebase%2Funiv%2Fsogang.jpg?alt=media
서강대학교,화공생명공학과,https://firebasestorage.googleapis.com/v0/b/ipsi-f2028.firebasestorage.app/o/firebase%2Funiv%2Fsogang.jpg?alt=media
서강대학교,아트&테크놀로지학과,https://firebasestorage.googleapis.com/v0/b/ipsi-f2028.firebasestorage.app/o/firebase%2Funiv%2Fsogang.jpg?alt=media
서강대학교,생명과학과,https://firebasestorage.googleapis.com/v0/b/ipsi-f2028.firebasestorage.app/o/firebase%2Funiv%2Fsogang.jpg?alt=media
서강대학교,화학과,https://firebasestorage.googleapis.com/v0/b/ipsi-f2028.firebasestorage.app/o/firebase%2Funiv%2Fsogang.jpg?alt=media
서강대학교,수학과,https://firebasestorage.googleapis.com/v0/b/ipsi-f2028.firebasestorage.app/o/firebase%2Funiv%2Fsogang.jpg?alt=media
서강대학교,물리학과,https://firebasestorage.googleapis.com/v0/b/ipsi-f2028.firebasestorage.app/o/firebase%2Funiv%2Fsogang.jpg?alt=media
중앙대학교,국어국문학과,https://firebasestorage.googleapis.com/v0/b/ipsi-f2028.firebasestorage.app/o/firebase%2Funiv%2Fchungang.jpg?alt=media
중앙대학교,아시아문화학부(중국어문학전공),https://firebasestorage.googleapis.com/v0/b/ipsi-f2028.firebasestorage.app/o/firebase%2Funiv%2Fchungang.jpg?alt=media
중앙대학교,영어영문학과,https://firebasestorage.googleapis.com/v0/b/ipsi-f2028.firebasestorage.app/o/firebase%2Funiv%2Fchungang.jpg?alt=media
중앙대학교,유럽문화학부(독일어문학전공),https://firebasestorage.googleapis.com/v0/b/ipsi-f2028.firebasestorage.app/o/firebase%2Funiv%2Fchungang.jpg?alt=media
중앙대학교,유럽문화학부(러시아어문학전공),https://firebasestorage.googleapis.com/v0/b/ipsi-f2028.firebasestorage.app/o/firebase%2Funiv%2Fchungang.jpg?alt=media
중앙대학교,유럽문화학부(프랑스어문학전공),https://firebasestorage.googleapis.com/v0/b/ipsi-f2028.firebasestorage.app/o/firebase%2Funiv%2Fchungang.jpg?alt=media
중앙대학교,문헌정보학과,https://firebasestorage.googleapis.com/v0/b/ipsi-f2028.firebasestorage.app/o/firebase%2Funiv%2Fchungang.jpg?alt=media
중앙대학교,아시아문화학부(비교민속학전공),https://firebasestorage.googleapis.com/v0/b/ipsi-f2028.firebasestorage.app/o/firebase%2Funiv%2Fchungang.jpg?alt=media
중앙대학교,심리학과,https://firebasestorage.googleapis.com/v0/b/ipsi-f2028.firebasestorage.app/o/firebase%2Funiv%2Fchungang.jpg?alt=media
중앙대학교,역사학과,https://firebasestorage.googleapis.com/v0/b/ipsi-f2028.firebasestorage.app/o/firebase%2Funiv%2Fchungang.jpg?alt=media
중앙대학교,아시아문화학부(일본어문학전공),https://firebasestorage.googleapis.com/v0/b/ipsi-f2028.firebasestorage.app/o/firebase%2Funiv%2Fchungang.jpg?alt=media
중앙대학교,철학과,https://firebasestorage.googleapis.com/v0/b/ipsi-f2028.firebasestorage.app/o/firebase%2Funiv%2Fchungang.jpg?alt=media
중앙대학교,지식경영학부,https://firebasestorage.googleapis.com/v0/b/ipsi-f2028.firebasestorage.app/o/firebase%2Funiv%2Fchungang.jpg?alt=media
중앙대학교,경영학부(경영학전공),https://firebasestorage.googleapis.com/v0/b/ipsi-f2028.firebasestorage.app/o/firebase%2Funiv%2Fchungang.jpg?alt=media
중앙대학교,경영학부(글로벌금융전공),https://firebasestorage.googleapis.com/v0/b/ipsi-f2028.firebasestorage.app/o/firebase%2Funiv%2Fchungang.jpg?alt=media
중앙대학교,경영경제대학,https://firebasestorage.googleapis.com/v0/b/ipsi-f2028.firebasestorage.app/o/firebase%2Funiv%2Fchungang.jpg?alt=media
중앙대학교,경제학부,https://firebasestorage.googleapis.com/v0/b/ipsi-f2028.firebasestorage.app/o/firebase%2Funiv%2Fchungang.jpg?alt=media
중앙대학교,광고홍보학과,https://firebasestorage.googleapis.com/v0/b/ipsi-f2028.firebasestorage.app/o/firebase%2Funiv%2Fchungang.jpg?alt=media
중앙대학교,국제물류학과,https://firebasestorage.googleapis.com/v0/b/ipsi-f2028.firebasestorage.app/o/firebase%2Funiv%2Fchungang.jpg?alt=media
중앙대학교,법학과,https://firebasestorage.googleapis.com/v0/b/ipsi-f2028.firebasestorage.app/o/firebase%2Funiv%2Fchungang.jpg?alt=media
중앙대학교,사회복지학부,https://firebasestorage.googleapis.com/v0/b/ipsi-f2028.firebasestorage.app/o/firebase%2Funiv%2Fchungang.jpg?alt=media
중앙대학교,정치국제학과,https://firebasestorage.googleapis.com/v0/b/ipsi-f2028.firebasestorage.app/o/firebase%2Funiv%2Fchungang.jpg?alt=media
중앙대학교,도시계획부동산학과,https://firebasestorage.googleapis.com/v0/b/ipsi-f2028.firebasestorage.app/o/firebase%2Funiv%2Fchungang.jpg?alt=media
중앙대학교,사회학과,https://firebasestorage.googleapis.com/v0/b/ipsi-f2028.firebasestorage.app/o/firebase%2Funiv%2Fchungang.jpg?alt=media
중앙대학교,미디어커뮤니케이션학부,https://firebasestorage.googleapis.com/v0/b/ipsi-f2028.firebasestorage.app/o/firebase%2Funiv%2Fchungang.jpg?alt=media
중앙대학교,산업보안학과,https://firebasestorage.googleapis.com/v0/b/ipsi-f2028.firebasestorage.app/o/firebase%2Funiv%2Fchungang.jpg?alt=media
중앙대학교,공공인재학부,https://firebasestorage.googleapis.com/v0/b/ipsi-f2028.firebasestorage.app/o/firebase%2Funiv%2Fchungang.jpg?alt=media
중앙대학교,교육학과,https://firebasestorage.googleapis.com/v0/b/ipsi-f2028.firebasestorage.app/o/firebase%2Funiv%2Fchungang.jpg?alt=media
중앙대학교,유아교육과,https://firebasestorage.googleapis.com/v0/b/ipsi-f2028.firebasestorage.app/o/firebase%2Funiv%2Fchungang.jpg?alt=media
중앙대학교,영어교육과,https://firebasestorage.googleapis.com/v0/b/ipsi-f2028.firebasestorage.app/o/firebase%2Funiv%2Fchungang.jpg?alt=media
중앙대학교,체육교육과,https://firebasestorage.googleapis.com/v0/b/ipsi-f2028.firebasestorage.app/o/firebase%2Funiv%2Fchungang.jpg?alt=media
중앙대학교,건축학부(건축공학전공),https://firebasestorage.googleapis.com/v0/b/ipsi-f2028.firebasestorage.app/o/firebase%2Funiv%2Fchungang.jpg?alt=media
중앙대학교,건축학부(건축학전공),https://firebasestorage.googleapis.com/v0/b/ipsi-f2028.firebasestorage.app/o/firebase%2Funiv%2Fchungang.jpg?alt=media
중앙대학교,사회기반시스템공학부(도시시스템공학전공),https://firebasestorage.googleapis.com/v0/b/ipsi-f2028.firebasestorage.app/o/firebase%2Funiv%2Fchungang.jpg?alt=media
중앙대학교,사회기반시스템공학부(건설환경플랜트공학전공),https://firebasestorage.googleapis.com/v0/b/ipsi-f2028.firebasestorage.app/o/firebase%2Funiv%2Fchungang.jpg?alt=media
중앙대학교,기계공학부,https://firebasestorage.googleapis.com/v0/b/ipsi-f2028.firebasestorage.app/o/firebase%2Funiv%2Fchungang.jpg?alt=media
중앙대학교,전자전기공학부,https://firebasestorage.googleapis.com/v0/b/ipsi-f2028.firebasestorage.app/o/firebase%2Funiv%2Fchungang.jpg?alt=media
중앙대학교,에너지시스템공학부,https://firebasestorage.googleapis.com/v0/b/ipsi-f2028.firebasestorage.app/o/firebase%2Funiv%2Fchungang.jpg?alt=media
중앙대학교,화학신소재공학부,https://firebasestorage.googleapis.com/v0/b/ipsi-f2028.firebasestorage.app/o/firebase%2Funiv%2Fchungang.jpg?alt=media
중앙대학교,컴퓨터공학부(컴퓨터공학전공),https://firebasestorage.googleapis.com/v0/b/ipsi-f2028.firebasestorage.app/o/firebase%2Funiv%2Fchungang.jpg?alt=media
중앙대학교,AI학과,https://firebasestorage.googleapis.com/v0/b/ipsi-f2028.firebasestorage.app/o/firebase%2Funiv%2Fchungang.jpg?alt=media
중앙대학교,소프트웨어학부,https://firebasestorage.googleapis.com/v0/b/ipsi-f2028.firebasestorage.app/o/firebase%2Funiv%2Fchungang.jpg?alt=media
중앙대학교,컴퓨터공학부(소프트웨어전공),https://firebasestorage.googleapis.com/v0/b/ipsi-f2028.firebasestorage.app/o/firebase%2Funiv%2Fchungang.jpg?alt=media
중앙대학교,실감미디어학과,https://firebasestorage.googleapis.com/v0/b/ipsi-f2028.firebasestorage.app/o/firebase%2Funiv%2Fchungang.jpg?alt=media
중앙대학교,사회기반시스템공학부,https://firebasestorage.googleapis.com/v0/b/ipsi-f2028.firebasestorage.app/o/firebase%2Funiv%2Fchungang.jpg?alt=media
중앙대학교,화학공학과,https://firebasestorage.googleapis.com/v0/b/ipsi-f2028.firebasestorage.app/o/firebase%2Funiv%2Fchungang.jpg?alt=media
중앙대학교,융합공학부,https://firebasestorage.googleapis.com/v0/b/ipsi-f2028.firebasestorage.app/o/firebase%2Funiv%2Fchungang.jpg?alt=media
중앙대학교,생명과학과,https://firebasestorage.googleapis.com/v0/b/ipsi-f2028.firebasestorage.app/o/firebase%2Funiv%2Fchungang.jpg?alt=media
중앙대학교,화학과,https://firebasestorage.googleapis.com/v0/b/ipsi-f2028.firebasestorage.app/o/firebase%2Funiv%2Fchungang.jpg?alt=media
중앙대학교,수학과,https://firebasestorage.googleapis.com/v0/b/ipsi-f2028.firebasestorage.app/o/firebase%2Funiv%2Fchungang.jpg?alt=media
중앙대학교,응용통계학과,https://firebasestorage.googleapis.com/v0/b/ipsi-f2028.firebasestorage.app/o/firebase%2Funiv%2Fchungang.jpg?alt=media
중앙대학교,수학통계학부(통계전공),https://firebasestorage.googleapis.com/v0/b/ipsi-f2028.firebasestorage.app/o/firebase%2Funiv%2Fchungang.jpg?alt=media
중앙대학교,물리학과,https://firebasestorage.googleapis.com/v0/b/ipsi-f2028.firebasestorage.app/o/firebase%2Funiv%2Fchungang.jpg?alt=media
중앙대학교,자연과학대학,https://firebasestorage.googleapis.com/v0/b/ipsi-f2028.firebasestorage.app/o/firebase%2Funiv%2Fchungang.jpg?alt=media
중앙대학교,의학부(의예),https://firebasestorage.googleapis.com/v0/b/ipsi-f2028.firebasestorage.app/o/firebase%2Funiv%2Fchungang.jpg?alt=media
중앙대학교,의학부(의학),https://firebasestorage.googleapis.com/v0/b/ipsi-f2028.firebasestorage.app/o/firebase%2Funiv%2Fchungang.jpg?alt=media
중앙대학교,간호학과,https://firebasestorage.googleapis.com/v0/b/ipsi-f2028.firebasestorage.app/o/firebase%2Funiv%2Fchungang.jpg?alt=media
중앙대학교,약학부,https://firebasestorage.googleapis.com/v0/b/ipsi-f2028.firebasestorage.app/o/firebase%2Funiv%2Fchungang.jpg?alt=media
중앙대학교,공연영상창작학부(공간연출전공),https://firebasestorage.googleapis.com/v0/b/ipsi-f2028.firebasestorage.app/o/firebase%2Funiv%2Fchungang.jpg?alt=media
중앙대학교,공연영상창작학부(연극전공),https://firebasestorage.googleapis.com/v0/b/ipsi-f2028.firebasestorage.app/o/firebase%2Funiv%2Fchungang.jpg?alt=media
중앙대학교,공연영상창작학부(영화전공),https://firebasestorage.googleapis.com/v0/b/ipsi-f2028.firebasestorage.app/o/firebase%2Funiv%2Fchungang.jpg?alt=media
홍익대학교,국어국문학과,https://firebasestorage.googleapis.com/v0/b/ipsi-f2028.firebasestorage.app/o/firebase%2Funiv%2Fhongik.jpg?alt=media
홍익대학교,영어영문학과,https://firebasestorage.googleapis.com/v0/b/ipsi-f2028.firebasestorage.app/o/firebase%2Funiv%2Fhongik.jpg?alt=media
홍익대학교,독어독문학과,https://firebasestorage.googleapis.com/v0/b/ipsi-f2028.firebasestorage.app/o/firebase%2Funiv%2Fhongik.jpg?alt=media
홍익대학교,불어불문학과,https://firebasestorage.googleapis.com/v0/b/ipsi-f2028.firebasestorage.app/o/firebase%2Funiv%2Fhongik.jpg?alt=media
홍익대학교,교양과,https://firebasestorage.googleapis.com/v0/b/ipsi-f2028.firebasestorage.app/o/firebase%2Funiv%2Fhongik.jpg?alt=media
홍익대학교,자율전공,https://firebasestorage.googleapis.com/v0/b/ipsi-f2028.firebasestorage.app/o/firebase%2Funiv%2Fhongik.jpg?alt=media
홍익대학교,경영학부(경영학전공),https://firebasestorage.googleapis.com/v0/b/ipsi-f2028.firebasestorage.app/o/firebase%2Funiv%2Fhongik.jpg?alt=media
홍익대학교,산업정보융합학부,https://firebasestorage.googleapis.com/v0/b/ipsi-f2028.firebasestorage.app/o/firebase%2Funiv%2Fhongik.jpg?alt=media
홍익대학교,디자인ㆍ예술경영학부(예술경영전공),https://firebasestorage.googleapis.com/v0/b/ipsi-f2028.firebasestorage.app/o/firebase%2Funiv%2Fhongik.jpg?alt=media
홍익대학교,디자인ㆍ예술경영학부(디자인경영전공),https://firebasestorage.googleapis.com/v0/b/ipsi-f2028.firebasestorage.app/o/firebase%2Funiv%2Fhongik.jpg?alt=media
홍익대학교,경제학부,https://firebasestorage.googleapis.com/v0/b/ipsi-f2028.firebasestorage.app/o/firebase%2Funiv%2Fhongik.jpg?alt=media
홍익대학교,상경학부,https://firebasestorage.googleapis.com/v0/b/ipsi-f2028.firebasestorage.app/o/firebase%2Funiv%2Fhongik.jpg?alt=media
홍익대학교,법학부,https://firebasestorage.googleapis.com/v0/b/ipsi-f2028.firebasestorage.app/o/firebase%2Funiv%2Fhongik.jpg?alt=media
홍익대학교,교육학과,https://firebasestorage.googleapis.com/v0/b/ipsi-f2028.firebasestorage.app/o/firebase%2Funiv%2Fhongik.jpg?alt=media
홍익대학교,국어교육과,https://firebasestorage.googleapis.com/v0/b/ipsi-f2028.firebasestorage.app/o/firebase%2Funiv%2Fhongik.jpg?alt=media
홍익대학교,영어교육과,https://firebasestorage.googleapis.com/v0/b/ipsi-f2028.firebasestorage.app/o/firebase%2Funiv%2Fhongik.jpg?alt=media
홍익대학교,역사교육과,https://firebasestorage.googleapis.com/v0/b/ipsi-f2028.firebasestorage.app/o/firebase%2Funiv%2Fhongik.jpg?alt=media
홍익대학교,수학교육과,https://firebasestorage.googleapis.com/v0/b/ipsi-f2028.firebasestorage.app/o/firebase%2Funiv%2Fhongik.jpg?alt=media
홍익대학교,건축학부(건축학전공(5년제)),https://firebasestorage.googleapis.com/v0/b/ipsi-f2028.firebasestorage.app/o/firebase%2Funiv%2Fhongik.jpg?alt=media
홍익대학교,건축학부(실내건축학전공),https://firebasestorage.googleapis.com/v0/b/ipsi-f2028.firebasestorage.app/o/firebase%2Funiv%2Fhongik.jpg?alt=media
홍익대학교,건설환경공학과,https://firebasestorage.googleapis.com/v0/b/ipsi-f2028.firebasestorage.app/o/firebase%2Funiv%2Fhongik.jpg?alt=media
홍익대학교,토목공학과,https://firebasestorage.googleapis.com/v0/b/ipsi-f2028.firebasestorage.app/o/firebase%2Funiv%2Fhongik.jpg?alt=media
홍익대학교,도시공학과,https://firebasestorage.googleapis.com/v0/b/ipsi-f2028.firebasestorage.app/o/firebase%2Funiv%2Fhongik.jpg?alt=media
홍익대학교,조선해양공학과,https://firebasestorage.googleapis.com/v0/b/ipsi-f2028.firebasestorage.app/o/firebase%2Funiv%2Fhongik.jpg?alt=media
홍익대학교,기계ㆍ시스템디자인공학과,https://firebasestorage.googleapis.com/v0/b/ipsi-f2028.firebasestorage.app/o/firebase%2Funiv%2Fhongik.jpg?alt=media
홍익대학교,전자전기공학부,https://firebasestorage.googleapis.com/v0/b/ipsi-f2028.firebasestorage.app/o/firebase%2Funiv%2Fhongik.jpg?alt=media
홍익대학교,신소재ㆍ화공시스템공학부(신소재공학전공),https://firebasestorage.googleapis.com/v0/b/ipsi-f2028.firebasestorage.app/o/firebase%2Funiv%2Fhongik.jpg?alt=media
홍익대학교,컴퓨터공학과,https://firebasestorage.googleapis.com/v0/b/ipsi-f2028.firebasestorage.app/o/firebase%2Funiv%2Fhongik.jpg?alt=media
홍익대학교,소프트웨어융합학과,https://firebasestorage.googleapis.com/v0/b/ipsi-f2028.firebasestorage.app/o/firebase%2Funiv%2Fhongik.jpg?alt=media
홍익대학교,산업ㆍ데이터공학과,https://firebasestorage.googleapis.com/v0/b/ipsi-f2028.firebasestorage.app/o/firebase%2Funiv%2Fhongik.jpg?alt=media
홍익대학교,신소재ㆍ화공시스템공학부(화학공학전공),https://firebasestorage.googleapis.com/v0/b/ipsi-f2028.firebasestorage.app/o/firebase%2Funiv%2Fhongik.jpg?alt=media
홍익대학교,디자인학부(산업디자인전공),https://firebasestorage.googleapis.com/v0/b/ipsi-f2028.firebasestorage.app/o/firebase%2Funiv%2Fhongik.jpg?alt=media
홍익대학교,디자인학부(시각디자인전공),https://firebasestorage.googleapis.com/v0/b/ipsi-f2028.firebasestorage.app/o/firebase%2Funiv%2Fhongik.jpg?alt=media
홍익대학교,금속조형디자인과,https://firebasestorage.googleapis.com/v0/b/ipsi-f2028.firebasestorage.app/o/firebase%2Funiv%2Fhongik.jpg?alt=media
홍익대학교,융합전공(공연예술전공),https://firebasestorage.googleapis.com/v0/b/ipsi-f2028.firebasestorage.app/o/firebase%2Funiv%2Fhongik.jpg?alt=media
홍익대학교,융합전공(문화예술경영전공),https://firebasestorage.googleapis.com/v0/b/ipsi-f2028.firebasestorage.app/o/firebase%2Funiv%2Fhongik.jpg?alt=media
홍익대학교,융합전공(건축공간예술전공),https://firebasestorage.googleapis.com/v0/b/ipsi-f2028.firebasestorage.app/o/firebase%2Funiv%2Fhongik.jpg?alt=media
홍익대학교,융합전공(사물인터넷공학전공),https://firebasestorage.googleapis.com/v0/b/ipsi-f2028.firebasestorage.app/o/firebase%2Funiv%2Fhongik.jpg?alt=media
홍익대학교,융합전공(지능로봇공학전공),https://firebasestorage.googleapis.com/v0/b/ipsi-f2028.firebasestorage.app/o/firebase%2Funiv%2Fhongik.jpg?alt=media
홍익대학교,융합전공(스마트도시데이터사이언스전공),https://firebasestorage.googleapis.com/v0/b/ipsi-f2028.firebasestorage.app/o/firebase%2Funiv%2Fhongik.jpg?alt=media
홍익대학교,융합전공(디자인엔지니어링전공),https://firebasestorage.googleapis.com/v0/b/ipsi-f2028.firebasestorage.app/o/firebase%2Funiv%2Fhongik.jpg?alt=media
홍익대학교,융합전공(데이터사이언스전공),https://firebasestorage.googleapis.com/v0/b/ipsi-f2028.firebasestorage.app/o/firebase%2Funiv%2Fhongik.jpg?alt=media
홍익대학교,바이오헬스융합학부(바이오헬스데이터전공),https://firebasestorage.googleapis.com/v0/b/ipsi-f2028.firebasestorage.app/o/firebase%2Funiv%2Fhongik.jpg?alt=media
홍익대학교,바이오헬스융합학부(바이오헬스디바이스전공),https://firebasestorage.googleapis.com/v0/b/ipsi-f2028.firebasestorage.app/o/firebase%2Funiv%2Fhongik.jpg?alt=media
홍익대학교,바이오헬스융합학부(바이오헬스디자인전공),https://firebasestorage.googleapis.com/v0/b/ipsi-f2028.firebasestorage.app/o/firebase%2Funiv%2Fhongik.jpg?alt=media
홍익대학교,도예유리과,https://firebasestorage.googleapis.com/v0/b/ipsi-f2028.firebasestorage.app/o/firebase%2Funiv%2Fhongik.jpg?alt=media
홍익대학교,목조형가구학과,https://firebasestorage.googleapis.com/v0/b/ipsi-f2028.firebasestorage.app/o/firebase%2Funiv%2Fhongik.jpg?alt=media
홍익대학교,예술학과,https://firebasestorage.googleapis.com/v0/b/ipsi-f2028.firebasestorage.app/o/firebase%2Funiv%2Fhongik.jpg?alt=media
홍익대학교,동양화과,https://firebasestorage.googleapis.com/v0/b/ipsi-f2028.firebasestorage.app/o/firebase%2Funiv%2Fhongik.jpg?alt=media
홍익대학교,회화과,https://firebasestorage.googleapis.com/v0/b/ipsi-f2028.firebasestorage.app/o/firebase%2Funiv%2Fhongik.jpg?alt=media
홍익대학교,섬유미술패션디자인과,https://firebasestorage.googleapis.com/v0/b/ipsi-f2028.firebasestorage.app/o/firebase%2Funiv%2Fhongik.jpg?alt=media
홍익대학교,조소과,https://firebasestorage.googleapis.com/v0/b/ipsi-f2028.firebasestorage.app/o/firebase%2Funiv%2Fhongik.jpg?alt=media
홍익대학교,판화과,https://firebasestorage.googleapis.com/v0/b/ipsi-f2028.firebasestorage.app/o/firebase%2Funiv%2Fhongik.jpg?alt=media
홍익대학교,공연예술학부(뮤지컬전공),https://firebasestorage.googleapis.com/v0/b/ipsi-f2028.firebasestorage.app/o/firebase%2Funiv%2Fhongik.jpg?alt=media
홍익대학교,공연예술학부(실용음악전공),https://firebasestorage.googleapis.com/v0/b/ipsi-f2028.firebasestorage.app/o/firebase%2Funiv%2Fhongik.jpg?alt=media
한국외국어대학교,ELLT학과,https://firebasestorage.googleapis.com/v0/b/ipsi-f2028.firebasestorage.app/o/firebase%2Funiv%2Fhankukforeign.jpg?alt=media
한국외국어대학교,외국어로서의한국어교육전공,https://firebasestorage.googleapis.com/v0/b/ipsi-f2028.firebasestorage.app/o/firebase%2Funiv%2Fhankukforeign.jpg?alt=media
한국외국어대학교,외국어로서의한국어통번역전공,https://firebasestorage.googleapis.com/v0/b/ipsi-f2028.firebasestorage.app/o/firebase%2Funiv%2Fhankukforeign.jpg?alt=media
한국외국어대학교,KFL학부,https://firebasestorage.googleapis.com/v0/b/ipsi-f2028.firebasestorage.app/o/firebase%2Funiv%2Fhankukforeign.jpg?alt=media
한국외국어대학교,일본언어문화학부,https://firebasestorage.googleapis.com/v0/b/ipsi-f2028.firebasestorage.app/o/firebase%2Funiv%2Fhankukforeign.jpg?alt=media
한국외국어대학교,중국언어문화학부,https://firebasestorage.googleapis.com/v0/b/ipsi-f2028.firebasestorage.app/o/firebase%2Funiv%2Fhankukforeign.jpg?alt=media
한국외국어대학교,말레이ㆍ인도네시아어과,https://firebasestorage.googleapis.com/v0/b/ipsi-f2028.firebasestorage.app/o/firebase%2Funiv%2Fhankukforeign.jpg?alt=media
한국외국어대학교,몽골어과,https://firebasestorage.googleapis.com/v0/b/ipsi-f2028.firebasestorage.app/o/firebase%2Funiv%2Fhankukforeign.jpg?alt=media
한국외국어대학교,베트남어과,https://firebasestorage.googleapis.com/v0/b/ipsi-f2028.firebasestorage.app/o/firebase%2Funiv%2Fhankukforeign.jpg?alt=media
한국외국어대학교,아랍어과,https://firebasestorage.googleapis.com/v0/b/ipsi-f2028.firebasestorage.app/o/firebase%2Funiv%2Fhankukforeign.jpg?alt=media
한국외국어대학교,인도어과,https://firebasestorage.googleapis.com/v0/b/ipsi-f2028.firebasestorage.app/o/firebase%2Funiv%2Fhankukforeign.jpg?alt=media
한국외국어대학교,태국어과,https://firebasestorage.googleapis.com/v0/b/ipsi-f2028.firebasestorage.app/o/firebase%2Funiv%2Fhankukforeign.jpg?alt=media
한국외국어대학교,페르시아어ㆍ이란학과,https://firebasestorage.googleapis.com/v0/b/ipsi-f2028.firebasestorage.app/o/firebase%2Funiv%2Fhankukforeign.jpg?alt=media
한국외국어대학교,영문학과,https://firebasestorage.googleapis.com/v0/b/ipsi-f2028.firebasestorage.app/o/firebase%2Funiv%2Fhankukforeign.jpg?alt=media
한국외국어대학교,영어학부,https://firebasestorage.googleapis.com/v0/b/ipsi-f2028.firebasestorage.app/o/firebase%2Funiv%2Fhankukforeign.jpg?alt=media
한국외국어대학교,영미문학ㆍ문화학과,https://firebasestorage.googleapis.com/v0/b/ipsi-f2028.firebasestorage.app/o/firebase%2Funiv%2Fhankukforeign.jpg?alt=media
한국외국어대학교,영어통번역(EICC)학과,https://firebasestorage.googleapis.com/v0/b/ipsi-f2028.firebasestorage.app/o/firebase%2Funiv%2Fhankukforeign.jpg?alt=media
한국외국어대학교,독일어과,https://firebasestorage.googleapis.com/v0/b/ipsi-f2028.firebasestorage.app/o/firebase%2Funiv%2Fhankukforeign.jpg?alt=media
한국외국어대학교,노어과,https://firebasestorage.googleapis.com/v0/b/ipsi-f2028.firebasestorage.app/o/firebase%2Funiv%2Fhankukforeign.jpg?alt=media
한국외국어대학교,스페인어과,https://firebasestorage.googleapis.com/v0/b/ipsi-f2028.firebasestorage.app/o/firebase%2Funiv%2Fhankukforeign.jpg?alt=media
한국외국어대학교,프랑스어학부,https://firebasestorage.googleapis.com/v0/b/ipsi-f2028.firebasestorage.app/o/firebase%2Funiv%2Fhankukforeign.jpg?alt=media
한국외국어대학교,프랑스응용어문학전공,https://firebasestorage.googleapis.com/v0/b/ipsi-f2028.firebasestorage.app/o/firebase%2Funiv%2Fhankukforeign.jpg?alt=media
한국외국어대학교,FATI전공,https://firebasestorage.googleapis.com/v0/b/ipsi-f2028.firebasestorage.app/o/firebase%2Funiv%2Fhankukforeign.jpg?alt=media
한국외국어대학교,네덜란드어과,https://firebasestorage.googleapis.com/v0/b/ipsi-f2028.firebasestorage.app/o/firebase%2Funiv%2Fhankukforeign.jpg?alt=media
한국외국어대학교,스칸디나비아어과,https://firebasestorage.googleapis.com/v0/b/ipsi-f2028.firebasestorage.app/o/firebase%2Funiv%2Fhankukforeign.jpg?alt=media
한국외국어대학교,이탈리아어과,https://firebasestorage.googleapis.com/v0/b/ipsi-f2028.firebasestorage.app/o/firebase%2Funiv%2Fhankukforeign.jpg?alt=media
한국외국어대학교,포르투갈어과,https://firebasestorage.googleapis.com/v0/b/ipsi-f2028.firebasestorage.app/o/firebase%2Funiv%2Fhankukforeign.jpg?alt=media
한국외국어대학교,튀르키예ㆍ아제르바이잔어과,https://firebasestorage.googleapis.com/v0/b/ipsi-f2028.firebasestorage.app/o/firebase%2Funiv%2Fhankukforeign.jpg?alt=media
한국외국어대학교,외국어교육학부,https://firebasestorage.googleapis.com/v0/b/ipsi-f2028.firebasestorage.app/o/firebase%2Funiv%2Fhankukforeign.jpg?alt=media
한국외국어대학교,일본지역학전공,https://firebasestorage.googleapis.com/v0/b/ipsi-f2028.firebasestorage.app/o/firebase%2Funiv%2Fhankukforeign.jpg?alt=media
한국외국어대학교,중국지역학전공,https://firebasestorage.googleapis.com/v0/b/ipsi-f2028.firebasestorage.app/o/firebase%2Funiv%2Fhankukforeign.jpg?alt=media
한국외국어대학교,프랑스ㆍEU전공,https://firebasestorage.googleapis.com/v0/b/ipsi-f2028.firebasestorage.app/o/firebase%2Funiv%2Fhankukforeign.jpg?alt=media
한국외국어대학교,미네르바 교양대학(서울),https://firebasestorage.googleapis.com/v0/b/ipsi-f2028.firebasestorage.app/o/firebase%2Funiv%2Fhankukforeign.jpg?alt=media
한국외국어대학교,경영학부,https://firebasestorage.googleapis.com/v0/b/ipsi-f2028.firebasestorage.app/o/firebase%2Funiv%2Fhankukforeign.jpg?alt=media
한국외국어대학교,차이나데이터큐레이션전공,https://firebasestorage.googleapis.com/v0/b/ipsi-f2028.firebasestorage.app/o/firebase%2Funiv%2Fhankukforeign.jpg?alt=media
한국외국어대학교,경제학부,https://firebasestorage.googleapis.com/v0/b/ipsi-f2028.firebasestorage.app/o/firebase%2Funiv%2Fhankukforeign.jpg?alt=media
한국외국어대학교,광고.PR.브랜딩전공,https://firebasestorage.googleapis.com/v0/b/ipsi-f2028.firebasestorage.app/o/firebase%2Funiv%2Fhankukforeign.jpg?alt=media
한국외국어대학교,국제통상학과,https://firebasestorage.googleapis.com/v0/b/ipsi-f2028.firebasestorage.app/o/firebase%2Funiv%2Fhankukforeign.jpg?alt=media
한국외국어대학교,Language & Trade학부,https://firebasestorage.googleapis.com/v0/b/ipsi-f2028.firebasestorage.app/o/firebase%2Funiv%2Fhankukforeign.jpg?alt=media
한국외국어대학교,법학과,https://firebasestorage.googleapis.com/v0/b/ipsi-f2028.firebasestorage.app/o/firebase%2Funiv%2Fhankukforeign.jpg?alt=media
한국외국어대학교,국제학부,https://firebasestorage.googleapis.com/v0/b/ipsi-f2028.firebasestorage.app/o/firebase%2Funiv%2Fhankukforeign.jpg?alt=media
한국외국어대학교,중국외교통상학부,https://firebasestorage.googleapis.com/v0/b/ipsi-f2028.firebasestorage.app/o/firebase%2Funiv%2Fhankukforeign.jpg?alt=media
한국외국어대학교,융합일본지역학부,https://firebasestorage.googleapis.com/v0/b/ipsi-f2028.firebasestorage.app/o/firebase%2Funiv%2Fhankukforeign.jpg?alt=media
한국외국어대학교,언론ㆍ정보전공,https://firebasestorage.googleapis.com/v0/b/ipsi-f2028.firebasestorage.app/o/firebase%2Funiv%2Fhankukforeign.jpg?alt=media
한국외국어대학교,미디어커뮤니케이션학부,https://firebasestorage.googleapis.com/v0/b/ipsi-f2028.firebasestorage.app/o/firebase%2Funiv%2Fhankukforeign.jpg?alt=media
한국외국어대학교,정치외교학과,https://firebasestorage.googleapis.com/v0/b/ipsi-f2028.firebasestorage.app/o/firebase%2Funiv%2Fhankukforeign.jpg?alt=media
한국외국어대학교,Language & Diplomacy학부,https://firebasestorage.googleapis.com/v0/b/ipsi-f2028.firebasestorage.app/o/firebase%2Funiv%2Fhankukforeign.jpg?alt=media
한국외국어대학교,행정학과,https://firebasestorage.googleapis.com/v0/b/ipsi-f2028.firebasestorage.app/o/firebase%2Funiv%2Fhankukforeign.jpg?alt=media
한국외국어대학교,사회과학전공,https://firebasestorage.googleapis.com/v0/b/ipsi-f2028.firebasestorage.app/o/firebase%2Funiv%2Fhankukforeign.jpg?alt=media
한국외국어대학교,외국어교육학부(독일어교육전공),https://firebasestorage.googleapis.com/v0/b/ipsi-f2028.firebasestorage.app/o/firebase%2Funiv%2Fhankukforeign.jpg?alt=media
한국외국어대학교,영어교육과,https://firebasestorage.googleapis.com/v0/b/ipsi-f2028.firebasestorage.app/o/firebase%2Funiv%2Fhankukforeign.jpg?alt=media
한국외국어대학교,한국어교육과,https://firebasestorage.googleapis.com/v0/b/ipsi-f2028.firebasestorage.app/o/firebase%2Funiv%2Fhankukforeign.jpg?alt=media
한국외국어대학교,체육학전공,https://firebasestorage.googleapis.com/v0/b/ipsi-f2028.firebasestorage.app/o/firebase%2Funiv%2Fhankukforeign.jpg?alt=media
한국외국어대학교,교육학전공,https://firebasestorage.googleapis.com/v0/b/ipsi-f2028.firebasestorage.app/o/firebase%2Funiv%2Fhankukforeign.jpg?alt=media
한국외국어대학교,외국어교육학부(중국어교육전공),https://firebasestorage.googleapis.com/v0/b/ipsi-f2028.firebasestorage.app/o/firebase%2Funiv%2Fhankukforeign.jpg?alt=media
한국외국어대학교,외국어교육학부(프랑스어교육전공),https://firebasestorage.googleapis.com/v0/b/ipsi-f2028.firebasestorage.app/o/firebase%2Funiv%2Fhankukforeign.jpg?alt=media
한국외국어대학교,Language & AI융합학부,https://firebasestorage.googleapis.com/v0/b/ipsi-f2028.firebasestorage.app/o/firebase%2Funiv%2Fhankukforeign.jpg?alt=media
한국외국어대학교,Social Science & AI융합학부,https://firebasestorage.googleapis.com/v0/b/ipsi-f2028.firebasestorage.app/o/firebase%2Funiv%2Fhankukforeign.jpg?alt=media
한국외국어대학교,방송.영상.뉴미디어전공,https://firebasestorage.googleapis.com/v0/b/ipsi-f2028.firebasestorage.app/o/firebase%2Funiv%2Fhankukforeign.jpg?alt=media
서울과학기술대학교,문예창작학과,https://firebasestorage.googleapis.com/v0/b/ipsi-f2028.firebasestorage.app/o/firebase%2Funiv%2Fseoultech.jpg?alt=media
서울과학기술대학교,글로벌한국어문화학부,https://firebasestorage.googleapis.com/v0/b/ipsi-f2028.firebasestorage.app/o/firebase%2Funiv%2Fseoultech.jpg?alt=media
서울과학기술대학교,영어과,https://firebasestorage.googleapis.com/v0/b/ipsi-f2028.firebasestorage.app/o/firebase%2Funiv%2Fseoultech.jpg?alt=media
서울과학기술대학교,영어영문학과,https://firebasestorage.googleapis.com/v0/b/ipsi-f2028.firebasestorage.app/o/firebase%2Funiv%2Fseoultech.jpg?alt=media
서울과학기술대학교,융합사회학부(영어전공),https://firebasestorage.googleapis.com/v0/b/ipsi-f2028.firebasestorage.app/o/firebase%2Funiv%2Fseoultech.jpg?alt=media
서울과학기술대학교,문화예술학과,https://firebasestorage.googleapis.com/v0/b/ipsi-f2028.firebasestorage.app/o/firebase%2Funiv%2Fseoultech.jpg?alt=media
서울과학기술대학교,글로벌한국어문화학부(K-컬처앤테크전공),https://firebasestorage.googleapis.com/v0/b/ipsi-f2028.firebasestorage.app/o/firebase%2Funiv%2Fseoultech.jpg?alt=media
서울과학기술대학교,글로벌기초교육학부,https://firebasestorage.googleapis.com/v0/b/ipsi-f2028.firebasestorage.app/o/firebase%2Funiv%2Fseoultech.jpg?alt=media
서울과학기술대학교,인문사회교양학부,https://firebasestorage.googleapis.com/v0/b/ipsi-f2028.firebasestorage.app/o/firebase%2Funiv%2Fseoultech.jpg?alt=media
서울과학기술대학교,벤처경영학과,https://firebasestorage.googleapis.com/v0/b/ipsi-f2028.firebasestorage.app/o/firebase%2Funiv%2Fseoultech.jpg?alt=media
서울과학기술대학교,경영학과(경영학전공),https://firebasestorage.googleapis.com/v0/b/ipsi-f2028.firebasestorage.app/o/firebase%2Funiv%2Fseoultech.jpg?alt=media
서울과학기술대학교,경영학과(글로벌테크노경영전공),https://firebasestorage.googleapis.com/v0/b/ipsi-f2028.firebasestorage.app/o/firebase%2Funiv%2Fseoultech.jpg?alt=media
서울과학기술대학교,융합사회학부(벤처경영전공),https://firebasestorage.googleapis.com/v0/b/ipsi-f2028.firebasestorage.app/o/firebase%2Funiv%2Fseoultech.jpg?alt=media
서울과학기술대학교,행정학과,https://firebasestorage.googleapis.com/v0/b/ipsi-f2028.firebasestorage.app/o/firebase%2Funiv%2Fseoultech.jpg?alt=media
서울과학기술대학교,건축학부(건축공학전공),https://firebasestorage.googleapis.com/v0/b/ipsi-f2028.firebasestorage.app/o/firebase%2Funiv%2Fseoultech.jpg?alt=media
서울과학기술대학교,건축기계설비공학과(계약학과),https://firebasestorage.googleapis.com/v0/b/ipsi-f2028.firebasestorage.app/o/firebase%2Funiv%2Fseoultech.jpg?alt=media
서울과학기술대학교,건축학부(건축학전공),https://firebasestorage.googleapis.com/v0/b/ipsi-f2028.firebasestorage.app/o/firebase%2Funiv%2Fseoultech.jpg?alt=media
서울과학기술대학교,건설시스템공학과,https://firebasestorage.googleapis.com/v0/b/ipsi-f2028.firebasestorage.app/o/firebase%2Funiv%2Fseoultech.jpg?alt=media
서울과학기술대학교,건설환경융합공학과,https://firebasestorage.googleapis.com/v0/b/ipsi-f2028.firebasestorage.app/o/firebase%2Funiv%2Fseoultech.jpg?alt=media
서울과학기술대학교,융합공학부(건설환경융합전공),https://firebasestorage.googleapis.com/v0/b/ipsi-f2028.firebasestorage.app/o/firebase%2Funiv%2Fseoultech.jpg?alt=media
서울과학기술대학교,기계ㆍ자동차공학과,https://firebasestorage.googleapis.com/v0/b/ipsi-f2028.firebasestorage.app/o/firebase%2Funiv%2Fseoultech.jpg?alt=media
서울과학기술대학교,기계시스템디자인공학과,https://firebasestorage.googleapis.com/v0/b/ipsi-f2028.firebasestorage.app/o/firebase%2Funiv%2Fseoultech.jpg?alt=media
서울과학기술대학교,융합기계공학과,https://firebasestorage.googleapis.com/v0/b/ipsi-f2028.firebasestorage.app/o/firebase%2Funiv%2Fseoultech.jpg?alt=media
서울과학기술대학교,융합공학부(융합기계공학전공),https://firebasestorage.googleapis.com/v0/b/ipsi-f2028.firebasestorage.app/o/firebase%2Funiv%2Fseoultech.jpg?alt=media
서울과학기술대학교,전기정보공학과,https://firebasestorage.googleapis.com/v0/b/ipsi-f2028.firebasestorage.app/o/firebase%2Funiv%2Fseoultech.jpg?alt=media
서울과학기술대학교,전자공학과,https://firebasestorage.googleapis.com/v0/b/ipsi-f2028.firebasestorage.app/o/firebase%2Funiv%2Fseoultech.jpg?alt=media
서울과학기술대학교,안경광학과,https://firebasestorage.googleapis.com/v0/b/ipsi-f2028.firebasestorage.app/o/firebase%2Funiv%2Fseoultech.jpg?alt=media
서울과학기술대학교,미래에너지융합학과,https://firebasestorage.googleapis.com/v0/b/ipsi-f2028.firebasestorage.app/o/firebase%2Funiv%2Fseoultech.jpg?alt=media
서울과학기술대학교,지능형반도체공학과,https://firebasestorage.googleapis.com/v0/b/ipsi-f2028.firebasestorage.app/o/firebase%2Funiv%2Fseoultech.jpg?alt=media
서울과학기술대학교,신소재공학과,https://firebasestorage.googleapis.com/v0/b/ipsi-f2028.firebasestorage.app/o/firebase%2Funiv%2Fseoultech.jpg?alt=media
서울과학기술대학교,컴퓨터공학과,https://firebasestorage.googleapis.com/v0/b/ipsi-f2028.firebasestorage.app/o/firebase%2Funiv%2Fseoultech.jpg?alt=media
서울과학기술대학교,인공지능응용학과,https://firebasestorage.googleapis.com/v0/b/ipsi-f2028.firebasestorage.app/o/firebase%2Funiv%2Fseoultech.jpg?alt=media
서울과학기술대학교,전자IT미디어공학과,https://firebasestorage.googleapis.com/v0/b/ipsi-f2028.firebasestorage.app/o/firebase%2Funiv%2Fseoultech.jpg?alt=media
서울과학기술대학교,스마트ICT융합공학과,https://firebasestorage.googleapis.com/v0/b/ipsi-f2028.firebasestorage.app/o/firebase%2Funiv%2Fseoultech.jpg?alt=media
서울과학기술대학교,정보통신융합공학과,https://firebasestorage.googleapis.com/v0/b/ipsi-f2028.firebasestorage.app/o/firebase%2Funiv%2Fseoultech.jpg?alt=media
서울과학기술대학교,산업공학과(산업정보시스템전공),https://firebasestorage.googleapis.com/v0/b/ipsi-f2028.firebasestorage.app/o/firebase%2Funiv%2Fseoultech.jpg?alt=media
서울과학기술대학교,산업공학과(ITM전공),https://firebasestorage.googleapis.com/v0/b/ipsi-f2028.firebasestorage.app/o/firebase%2Funiv%2Fseoultech.jpg?alt=media
서울과학기술대학교,화공생명공학과,https://firebasestorage.googleapis.com/v0/b/ipsi-f2028.firebasestorage.app/o/firebase%2Funiv%2Fseoultech.jpg?alt=media
서울과학기술대학교,안전공학과,https://firebasestorage.googleapis.com/v0/b/ipsi-f2028.firebasestorage.app/o/firebase%2Funiv%2Fseoultech.jpg?alt=media
서울과학기술대학교,MSDE학과,https://firebasestorage.googleapis.com/v0/b/ipsi-f2028.firebasestorage.app/o/firebase%2Funiv%2Fseoultech.jpg?alt=media
서울과학기술대학교,시설물유지관리공학과,https://firebasestorage.googleapis.com/v0/b/ipsi-f2028.firebasestorage.app/o/firebase%2Funiv%2Fseoultech.jpg?alt=media
서울과학기술대학교,융합교양학부,https://firebasestorage.googleapis.com/v0/b/ipsi-f2028.firebasestorage.app/o/firebase%2Funiv%2Fseoultech.jpg?alt=media
서울과학기술대학교,정밀화학과,https://firebasestorage.googleapis.com/v0/b/ipsi-f2028.firebasestorage.app/o/firebase%2Funiv%2Fseoultech.jpg?alt=media
서울과학기술대학교,환경공학과(환경공학전공),https://firebasestorage.googleapis.com/v0/b/ipsi-f2028.firebasestorage.app/o/firebase%2Funiv%2Fseoultech.jpg?alt=media
서울과학기술대학교,환경공학과(환경정책전공),https://firebasestorage.googleapis.com/v0/b/ipsi-f2028.firebasestorage.app/o/firebase%2Funiv%2Fseoultech.jpg?alt=media
서울과학기술대학교,식품생명공학과,https://firebasestorage.googleapis.com/v0/b/ipsi-f2028.firebasestorage.app/o/firebase%2Funiv%2Fseoultech.jpg?alt=media
서울과학기술대학교,융합사회학부(헬스피트니스전공),https://firebasestorage.googleapis.com/v0/b/ipsi-f2028.firebasestorage.app/o/firebase%2Funiv%2Fseoultech.jpg?alt=media
서울과학기술대학교,디자인학과,https://firebasestorage.googleapis.com/v0/b/ipsi-f2028.firebasestorage.app/o/firebase%2Funiv%2Fseoultech.jpg?alt=media
서울과학기술대학교,디자인학과(산업디자인전공),https://firebasestorage.googleapis.com/v0/b/ipsi-f2028.firebasestorage.app/o/firebase%2Funiv%2Fseoultech.jpg?alt=media
서울과학기술대학교,디자인학과(시각디자인전공),https://firebasestorage.googleapis.com/v0/b/ipsi-f2028.firebasestorage.app/o/firebase%2Funiv%2Fseoultech.jpg?alt=media
서울과학기술대학교,금속공예디자인학과,https://firebasestorage.googleapis.com/v0/b/ipsi-f2028.firebasestorage.app/o/firebase%2Funiv%2Fseoultech.jpg?alt=media
서울과학기술대학교,도예학과,https://firebasestorage.googleapis.com/v0/b/ipsi-f2028.firebasestorage.app/o/firebase%2Funiv%2Fseoultech.jpg?alt=media
서울과학기술대학교,스포츠과학과,https://firebasestorage.googleapis.com/v0/b/ipsi-f2028.firebasestorage.app/o/firebase%2Funiv%2Fseoultech.jpg?alt=media
서울과학기술대학교,헬스피트니스학과,https://firebasestorage.googleapis.com/v0/b/ipsi-f2028.firebasestorage.app/o/firebase%2Funiv%2Fseoultech.jpg?alt=media
서울과학기술대학교,융합사회학부(문화예술전공),https://firebasestorage.googleapis.com/v0/b/ipsi-f2028.firebasestorage.app/o/firebase%2Funiv%2Fseoultech.jpg?alt=media
서울과학기술대학교,조형예술학과,https://firebasestorage.googleapis.com/v0/b/ipsi-f2028.firebasestorage.app/o/firebase%2Funiv%2Fseoultech.jpg?alt=media
경희대학교,국어국문학과,https://firebasestorage.googleapis.com/v0/b/ipsi-f2028.firebasestorage.app/o/firebase%2Funiv%2Fkyunghee.jpg?alt=media
경희대학교,한국어학과,https://firebasestorage.googleapis.com/v0/b/ipsi-f2028.firebasestorage.app/o/firebase%2Funiv%2Fkyunghee.jpg?alt=media
경희대학교,일본어학과,https://firebasestorage.googleapis.com/v0/b/ipsi-f2028.firebasestorage.app/o/firebase%2Funiv%2Fkyunghee.jpg?alt=media
경희대학교,중국어학과,https://firebasestorage.googleapis.com/v0/b/ipsi-f2028.firebasestorage.app/o/firebase%2Funiv%2Fkyunghee.jpg?alt=media
경희대학교,영어영문학과,https://firebasestorage.googleapis.com/v0/b/ipsi-f2028.firebasestorage.app/o/firebase%2Funiv%2Fkyunghee.jpg?alt=media
경희대학교,응용영어통번역학과,https://firebasestorage.googleapis.com/v0/b/ipsi-f2028.firebasestorage.app/o/firebase%2Funiv%2Fkyunghee.jpg?alt=media
경희대학교,러시아어학과,https://firebasestorage.googleapis.com/v0/b/ipsi-f2028.firebasestorage.app/o/firebase%2Funiv%2Fkyunghee.jpg?alt=media
경희대학교,스페인어학과,https://firebasestorage.googleapis.com/v0/b/ipsi-f2028.firebasestorage.app/o/firebase%2Funiv%2Fkyunghee.jpg?alt=media
경희대학교,프랑스어학과,https://firebasestorage.googleapis.com/v0/b/ipsi-f2028.firebasestorage.app/o/firebase%2Funiv%2Fkyunghee.jpg?alt=media
경희대학교,사학과,https://firebasestorage.googleapis.com/v0/b/ipsi-f2028.firebasestorage.app/o/firebase%2Funiv%2Fkyunghee.jpg?alt=media
경희대학교,글로벌커뮤니케이션학부,https://firebasestorage.googleapis.com/v0/b/ipsi-f2028.firebasestorage.app/o/firebase%2Funiv%2Fkyunghee.jpg?alt=media
경희대학교,철학과,https://firebasestorage.googleapis.com/v0/b/ipsi-f2028.firebasestorage.app/o/firebase%2Funiv%2Fkyunghee.jpg?alt=media
경희대학교,경영학과,https://firebasestorage.googleapis.com/v0/b/ipsi-f2028.firebasestorage.app/o/firebase%2Funiv%2Fkyunghee.jpg?alt=media
경희대학교,Hospitality경영학부,https://firebasestorage.googleapis.com/v0/b/ipsi-f2028.firebasestorage.app/o/firebase%2Funiv%2Fkyunghee.jpg?alt=media
경희대학교,Hospitality경영학과,https://firebasestorage.googleapis.com/v0/b/ipsi-f2028.firebasestorage.app/o/firebase%2Funiv%2Fkyunghee.jpg?alt=media
경희대학교,경제학과,https://firebasestorage.googleapis.com/v0/b/ipsi-f2028.firebasestorage.app/o/firebase%2Funiv%2Fkyunghee.jpg?alt=media
경희대학교,관광학부,https://firebasestorage.googleapis.com/v0/b/ipsi-f2028.firebasestorage.app/o/firebase%2Funiv%2Fkyunghee.jpg?alt=media
경희대학교,문화관광산업학과,https://firebasestorage.googleapis.com/v0/b/ipsi-f2028.firebasestorage.app/o/firebase%2Funiv%2Fkyunghee.jpg?alt=media
경희대학교,조리산업학과,https://firebasestorage.googleapis.com/v0/b/ipsi-f2028.firebasestorage.app/o/firebase%2Funiv%2Fkyunghee.jpg?alt=media
경희대학교,관광ㆍ엔터테인먼트학부,https://firebasestorage.googleapis.com/v0/b/ipsi-f2028.firebasestorage.app/o/firebase%2Funiv%2Fkyunghee.jpg?alt=media
경희대학교,조리&푸드디자인학과,https://firebasestorage.googleapis.com/v0/b/ipsi-f2028.firebasestorage.app/o/firebase%2Funiv%2Fkyunghee.jpg?alt=media
경희대학교,글로벌Hospitalityㆍ관광학과,https://firebasestorage.googleapis.com/v0/b/ipsi-f2028.firebasestorage.app/o/firebase%2Funiv%2Fkyunghee.jpg?alt=media
경희대학교,회계ㆍ세무학과,https://firebasestorage.googleapis.com/v0/b/ipsi-f2028.firebasestorage.app/o/firebase%2Funiv%2Fkyunghee.jpg?alt=media
경희대학교,무역학과,https://firebasestorage.googleapis.com/v0/b/ipsi-f2028.firebasestorage.app/o/firebase%2Funiv%2Fkyunghee.jpg?alt=media
경희대학교,국제통상ㆍ금융투자학과,https://firebasestorage.googleapis.com/v0/b/ipsi-f2028.firebasestorage.app/o/firebase%2Funiv%2Fkyunghee.jpg?alt=media
경희대학교,국제통상ㆍ금융투자학부,https://firebasestorage.googleapis.com/v0/b/ipsi-f2028.firebasestorage.app/o/firebase%2Funiv%2Fkyunghee.jpg?alt=media
경희대학교,법학부,https://firebasestorage.googleapis.com/v0/b/ipsi-f2028.firebasestorage.app/o/firebase%2Funiv%2Fkyunghee.jpg?alt=media
경희대학교,국제학과,https://firebasestorage.googleapis.com/v0/b/ipsi-f2028.firebasestorage.app/o/firebase%2Funiv%2Fkyunghee.jpg?alt=media
경희대학교,사회학과,https://firebasestorage.googleapis.com/v0/b/ipsi-f2028.firebasestorage.app/o/firebase%2Funiv%2Fkyunghee.jpg?alt=media
경희대학교,정치외교학과,https://firebasestorage.googleapis.com/v0/b/ipsi-f2028.firebasestorage.app/o/firebase%2Funiv%2Fkyunghee.jpg?alt=media
경희대학교,행정학과,https://firebasestorage.googleapis.com/v0/b/ipsi-f2028.firebasestorage.app/o/firebase%2Funiv%2Fkyunghee.jpg?alt=media
경희대학교,사회과학 광역모집,https://firebasestorage.googleapis.com/v0/b/ipsi-f2028.firebasestorage.app/o/firebase%2Funiv%2Fkyunghee.jpg?alt=media
경희대학교,건축학과,https://firebasestorage.googleapis.com/v0/b/ipsi-f2028.firebasestorage.app/o/firebase%2Funiv%2Fkyunghee.jpg?alt=media
경희대학교,정보전자신소재공학과,https://firebasestorage.googleapis.com/v0/b/ipsi-f2028.firebasestorage.app/o/firebase%2Funiv%2Fkyunghee.jpg?alt=media
경희대학교,식물ㆍ환경신소재공학과,https://firebasestorage.googleapis.com/v0/b/ipsi-f2028.firebasestorage.app/o/firebase%2Funiv%2Fkyunghee.jpg?alt=media
경희대학교,디지털콘텐츠학과,https://firebasestorage.googleapis.com/v0/b/ipsi-f2028.firebasestorage.app/o/firebase%2Funiv%2Fkyunghee.jpg?alt=media
경희대학교,미디어학과,https://firebasestorage.googleapis.com/v0/b/ipsi-f2028.firebasestorage.app/o/firebase%2Funiv%2Fkyunghee.jpg?alt=media
경희대학교,생체의공학과,https://firebasestorage.googleapis.com/v0/b/ipsi-f2028.firebasestorage.app/o/firebase%2Funiv%2Fkyunghee.jpg?alt=media
경희대학교,전자정보공학부(반도체공학과),https://firebasestorage.googleapis.com/v0/b/ipsi-f2028.firebasestorage.app/o/firebase%2Funiv%2Fkyunghee.jpg?alt=media
경희대학교,전자정보공학부(전자공학과),https://firebasestorage.googleapis.com/v0/b/ipsi-f2028.firebasestorage.app/o/firebase%2Funiv%2Fkyunghee.jpg?alt=media
경희대학교,컴퓨터공학부(컴퓨터공학과),https://firebasestorage.googleapis.com/v0/b/ipsi-f2028.firebasestorage.app/o/firebase%2Funiv%2Fkyunghee.jpg?alt=media
경희대학교,컴퓨터공학부(인공지능학과),https://firebasestorage.googleapis.com/v0/b/ipsi-f2028.firebasestorage.app/o/firebase%2Funiv%2Fkyunghee.jpg?alt=media
경희대학교,소프트웨어융합학과,https://firebasestorage.googleapis.com/v0/b/ipsi-f2028.firebasestorage.app/o/firebase%2Funiv%2Fkyunghee.jpg?alt=media
경희대학교,자율전공학부,https://firebasestorage.googleapis.com/v0/b/ipsi-f2028.firebasestorage.app/o/firebase%2Funiv%2Fkyunghee.jpg?alt=media
경희대학교,생물학과,https://firebasestorage.googleapis.com/v0/b/ipsi-f2028.firebasestorage.app/o/firebase%2Funiv%2Fkyunghee.jpg?alt=media
경희대학교,화학과,https://firebasestorage.googleapis.com/v0/b/ipsi-f2028.firebasestorage.app/o/firebase%2Funiv%2Fkyunghee.jpg?alt=media
경희대학교,환경조경디자인학과,https://firebasestorage.googleapis.com/v0/b/ipsi-f2028.firebasestorage.app/o/firebase%2Funiv%2Fkyunghee.jpg?alt=media
경희대학교,아동가족학과,https://firebasestorage.googleapis.com/v0/b/ipsi-f2028.firebasestorage.app/o/firebase%2Funiv%2Fkyunghee.jpg?alt=media
경희대학교,주거환경학과,https://firebasestorage.googleapis.com/v0/b/ipsi-f2028.firebasestorage.app/o/firebase%2Funiv%2Fkyunghee.jpg?alt=media
경희대학교,식품생명공학과,https://firebasestorage.googleapis.com/v0/b/ipsi-f2028.firebasestorage.app/o/firebase%2Funiv%2Fkyunghee.jpg?alt=media
경희대학교,의상학과,https://firebasestorage.googleapis.com/v0/b/ipsi-f2028.firebasestorage.app/o/firebase%2Funiv%2Fkyunghee.jpg?alt=media
경희대학교,수학과,https://firebasestorage.googleapis.com/v0/b/ipsi-f2028.firebasestorage.app/o/firebase%2Funiv%2Fkyunghee.jpg?alt=media
경희대학교,응용수학과,https://firebasestorage.googleapis.com/v0/b/ipsi-f2028.firebasestorage.app/o/firebase%2Funiv%2Fkyunghee.jpg?alt=media
경희대학교,빅데이터응용학과,https://firebasestorage.googleapis.com/v0/b/ipsi-f2028.firebasestorage.app/o/firebase%2Funiv%2Fkyunghee.jpg?alt=media
경희대학교,물리학과,https://firebasestorage.googleapis.com/v0/b/ipsi-f2028.firebasestorage.app/o/firebase%2Funiv%2Fkyunghee.jpg?alt=media
경희대학교,정보디스플레이학과,https://firebasestorage.googleapis.com/v0/b/ipsi-f2028.firebasestorage.app/o/firebase%2Funiv%2Fkyunghee.jpg?alt=media
경희대학교,우주과학과,https://firebasestorage.googleapis.com/v0/b/ipsi-f2028.firebasestorage.app/o/firebase%2Funiv%2Fkyunghee.jpg?alt=media
경희대학교,지리학과(자연계열),https://firebasestorage.googleapis.com/v0/b/ipsi-f2028.firebasestorage.app/o/firebase%2Funiv%2Fkyunghee.jpg?alt=media
경희대학교,약과학과,https://firebasestorage.googleapis.com/v0/b/ipsi-f2028.firebasestorage.app/o/firebase%2Funiv%2Fkyunghee.jpg?alt=media
경희대학교,의학과,https://firebasestorage.googleapis.com/v0/b/ipsi-f2028.firebasestorage.app/o/firebase%2Funiv%2Fkyunghee.jpg?alt=media
경희대학교,의예과,https://firebasestorage.googleapis.com/v0/b/ipsi-f2028.firebasestorage.app/o/firebase%2Funiv%2Fkyunghee.jpg?alt=media
경희대학교,치의학과,https://firebasestorage.googleapis.com/v0/b/ipsi-f2028.firebasestorage.app/o/firebase%2Funiv%2Fkyunghee.jpg?alt=media
경희대학교,치의예과,https://firebasestorage.googleapis.com/v0/b/ipsi-f2028.firebasestorage.app/o/firebase%2Funiv%2Fkyunghee.jpg?alt=media
경희대학교,한의학과,https://firebasestorage.googleapis.com/v0/b/ipsi-f2028.firebasestorage.app/o/firebase%2Funiv%2Fkyunghee.jpg?alt=media
경희대학교,한의예과,https://firebasestorage.googleapis.com/v0/b/ipsi-f2028.firebasestorage.app/o/firebase%2Funiv%2Fkyunghee.jpg?alt=media
경희대학교,간호학과,https://firebasestorage.googleapis.com/v0/b/ipsi-f2028.firebasestorage.app/o/firebase%2Funiv%2Fkyunghee.jpg?alt=media
경희대학교,약학과,https://firebasestorage.googleapis.com/v0/b/ipsi-f2028.firebasestorage.app/o/firebase%2Funiv%2Fkyunghee.jpg?alt=media
경희대학교,한약학과,https://firebasestorage.googleapis.com/v0/b/ipsi-f2028.firebasestorage.app/o/firebase%2Funiv%2Fkyunghee.jpg?alt=media
경희대학교,시각디자인학과,https://firebasestorage.googleapis.com/v0/b/ipsi-f2028.firebasestorage.app/o/firebase%2Funiv%2Fkyunghee.jpg?alt=media
경희대학교,의류디자인학과,https://firebasestorage.googleapis.com/v0/b/ipsi-f2028.firebasestorage.app/o/firebase%2Funiv%2Fkyunghee.jpg?alt=media
경희대학교,무용학부,https://firebasestorage.googleapis.com/v0/b/ipsi-f2028.firebasestorage.app/o/firebase%2Funiv%2Fkyunghee.jpg?alt=media
경희대학교,스포츠지도학과,https://firebasestorage.googleapis.com/v0/b/ipsi-f2028.firebasestorage.app/o/firebase%2Funiv%2Fkyunghee.jpg?alt=media
경희대학교,체육학과,https://firebasestorage.googleapis.com/v0/b/ipsi-f2028.firebasestorage.app/o/firebase%2Funiv%2Fkyunghee.jpg?alt=media
경희대학교,태권도학과,https://firebasestorage.googleapis.com/v0/b/ipsi-f2028.firebasestorage.app/o/firebase%2Funiv%2Fkyunghee.jpg?alt=media
경희대학교,스포츠의학과,https://firebasestorage.googleapis.com/v0/b/ipsi-f2028.firebasestorage.app/o/firebase%2Funiv%2Fkyunghee.jpg?alt=media
경희대학교,골프산업학과,https://firebasestorage.googleapis.com/v0/b/ipsi-f2028.firebasestorage.app/o/firebase%2Funiv%2Fkyunghee.jpg?alt=media
경희대학교,미술학부,https://firebasestorage.googleapis.com/v0/b/ipsi-f2028.firebasestorage.app/o/firebase%2Funiv%2Fkyunghee.jpg?alt=media
경희대학교,연극영화학과,https://firebasestorage.googleapis.com/v0/b/ipsi-f2028.firebasestorage.app/o/firebase%2Funiv%2Fkyunghee.jpg?alt=media
경희대학교,기악과,https://firebasestorage.googleapis.com/v0/b/ipsi-f2028.firebasestorage.app/o/firebase%2Funiv%2Fkyunghee.jpg?alt=media
경희대학교,성악과,https://firebasestorage.googleapis.com/v0/b/ipsi-f2028.firebasestorage.app/o/firebase%2Funiv%2Fkyunghee.jpg?alt=media
경희대학교,작곡과,https://firebasestorage.googleapis.com/v0/b/ipsi-f2028.firebasestorage.app/o/firebase%2Funiv%2Fkyunghee.jpg?alt=media
숭실대학교,국어국문학과,https://firebasestorage.googleapis.com/v0/b/ipsi-f2028.firebasestorage.app/o/firebase%2Funiv%2Fsoongsil.jpg?alt=media
숭실대학교,예술창작학부(문예창작전공),https://firebasestorage.googleapis.com/v0/b/ipsi-f2028.firebasestorage.app/o/firebase%2Funiv%2Fsoongsil.jpg?alt=media
숭실대학교,일어일문학과,https://firebasestorage.googleapis.com/v0/b/ipsi-f2028.firebasestorage.app/o/firebase%2Funiv%2Fsoongsil.jpg?alt=media
숭실대학교,중어중문학과,https://firebasestorage.googleapis.com/v0/b/ipsi-f2028.firebasestorage.app/o/firebase%2Funiv%2Fsoongsil.jpg?alt=media
숭실대학교,영어영문학과,https://firebasestorage.googleapis.com/v0/b/ipsi-f2028.firebasestorage.app/o/firebase%2Funiv%2Fsoongsil.jpg?alt=media
숭실대학교,독어독문학과,https://firebasestorage.googleapis.com/v0/b/ipsi-f2028.firebasestorage.app/o/firebase%2Funiv%2Fsoongsil.jpg?alt=media
숭실대학교,불어불문학과,https://firebasestorage.googleapis.com/v0/b/ipsi-f2028.firebasestorage.app/o/firebase%2Funiv%2Fsoongsil.jpg?alt=media
숭실대학교,사학과,https://firebasestorage.googleapis.com/v0/b/ipsi-f2028.firebasestorage.app/o/firebase%2Funiv%2Fsoongsil.jpg?alt=media
숭실대학교,기독교학과,https://firebasestorage.googleapis.com/v0/b/ipsi-f2028.firebasestorage.app/o/firebase%2Funiv%2Fsoongsil.jpg?alt=media
숭실대학교,교목,https://firebasestorage.googleapis.com/v0/b/ipsi-f2028.firebasestorage.app/o/firebase%2Funiv%2Fsoongsil.jpg?alt=media
숭실대학교,철학과,https://firebasestorage.googleapis.com/v0/b/ipsi-f2028.firebasestorage.app/o/firebase%2Funiv%2Fsoongsil.jpg?alt=media
숭실대학교,경영학부,https://firebasestorage.googleapis.com/v0/b/ipsi-f2028.firebasestorage.app/o/firebase%2Funiv%2Fsoongsil.jpg?alt=media
숭실대학교,미디어경영학과,https://firebasestorage.googleapis.com/v0/b/ipsi-f2028.firebasestorage.app/o/firebase%2Funiv%2Fsoongsil.jpg?alt=media
숭실대학교,벤처경영학과,https://firebasestorage.googleapis.com/v0/b/ipsi-f2028.firebasestorage.app/o/firebase%2Funiv%2Fsoongsil.jpg?alt=media
숭실대학교,벤처중소기업학과,https://firebasestorage.googleapis.com/v0/b/ipsi-f2028.firebasestorage.app/o/firebase%2Funiv%2Fsoongsil.jpg?alt=media
숭실대학교,복지경영학과,https://firebasestorage.googleapis.com/v0/b/ipsi-f2028.firebasestorage.app/o/firebase%2Funiv%2Fsoongsil.jpg?alt=media
숭실대학교,경제학과,https://firebasestorage.googleapis.com/v0/b/ipsi-f2028.firebasestorage.app/o/firebase%2Funiv%2Fsoongsil.jpg?alt=media
숭실대학교,언론홍보학과,https://firebasestorage.googleapis.com/v0/b/ipsi-f2028.firebasestorage.app/o/firebase%2Funiv%2Fsoongsil.jpg?alt=media
숭실대학교,회계학과,https://firebasestorage.googleapis.com/v0/b/ipsi-f2028.firebasestorage.app/o/firebase%2Funiv%2Fsoongsil.jpg?alt=media
숭실대학교,금융경제학과,https://firebasestorage.googleapis.com/v0/b/ipsi-f2028.firebasestorage.app/o/firebase%2Funiv%2Fsoongsil.jpg?alt=media
숭실대학교,회계세무학과,https://firebasestorage.googleapis.com/v0/b/ipsi-f2028.firebasestorage.app/o/firebase%2Funiv%2Fsoongsil.jpg?alt=media
숭실대학교,금융학부,https://firebasestorage.googleapis.com/v0/b/ipsi-f2028.firebasestorage.app/o/firebase%2Funiv%2Fsoongsil.jpg?alt=media
숭실대학교,국제무역학과,https://firebasestorage.googleapis.com/v0/b/ipsi-f2028.firebasestorage.app/o/firebase%2Funiv%2Fsoongsil.jpg?alt=media
숭실대학교,글로벌통상학과,https://firebasestorage.googleapis.com/v0/b/ipsi-f2028.firebasestorage.app/o/firebase%2Funiv%2Fsoongsil.jpg?alt=media
숭실대학교,혁신경영학과,https://firebasestorage.googleapis.com/v0/b/ipsi-f2028.firebasestorage.app/o/firebase%2Funiv%2Fsoongsil.jpg?alt=media
숭실대학교,통상산업학과,https://firebasestorage.googleapis.com/v0/b/ipsi-f2028.firebasestorage.app/o/firebase%2Funiv%2Fsoongsil.jpg?alt=media
숭실대학교,국제법무학과,https://firebasestorage.googleapis.com/v0/b/ipsi-f2028.firebasestorage.app/o/firebase%2Funiv%2Fsoongsil.jpg?alt=media
숭실대학교,법학과,https://firebasestorage.googleapis.com/v0/b/ipsi-f2028.firebasestorage.app/o/firebase%2Funiv%2Fsoongsil.jpg?alt=media
숭실대학교,사회복지학부,https://firebasestorage.googleapis.com/v0/b/ipsi-f2028.firebasestorage.app/o/firebase%2Funiv%2Fsoongsil.jpg?alt=media
숭실대학교,정보사회학과,https://firebasestorage.googleapis.com/v0/b/ipsi-f2028.firebasestorage.app/o/firebase%2Funiv%2Fsoongsil.jpg?alt=media
숭실대학교,정보보호학과,https://firebasestorage.googleapis.com/v0/b/ipsi-f2028.firebasestorage.app/o/firebase%2Funiv%2Fsoongsil.jpg?alt=media
숭실대학교,정치외교학과,https://firebasestorage.googleapis.com/v0/b/ipsi-f2028.firebasestorage.app/o/firebase%2Funiv%2Fsoongsil.jpg?alt=media
숭실대학교,행정학부,https://firebasestorage.googleapis.com/v0/b/ipsi-f2028.firebasestorage.app/o/firebase%2Funiv%2Fsoongsil.jpg?alt=media
숭실대학교,평생교육학과,https://firebasestorage.googleapis.com/v0/b/ipsi-f2028.firebasestorage.app/o/firebase%2Funiv%2Fsoongsil.jpg?alt=media
숭실대학교,교직과정,https://firebasestorage.googleapis.com/v0/b/ipsi-f2028.firebasestorage.app/o/firebase%2Funiv%2Fsoongsil.jpg?alt=media
숭실대학교,건축학부(건축공학전공),https://firebasestorage.googleapis.com/v0/b/ipsi-f2028.firebasestorage.app/o/firebase%2Funiv%2Fsoongsil.jpg?alt=media
숭실대학교,건축학부(건축학전공),https://firebasestorage.googleapis.com/v0/b/ipsi-f2028.firebasestorage.app/o/firebase%2Funiv%2Fsoongsil.jpg?alt=media
숭실대학교,건축학부(실내건축전공),https://firebasestorage.googleapis.com/v0/b/ipsi-f2028.firebasestorage.app/o/firebase%2Funiv%2Fsoongsil.jpg?alt=media
숭실대학교,기계공학부,https://firebasestorage.googleapis.com/v0/b/ipsi-f2028.firebasestorage.app/o/firebase%2Funiv%2Fsoongsil.jpg?alt=media
숭실대학교,전기공학부,https://firebasestorage.googleapis.com/v0/b/ipsi-f2028.firebasestorage.app/o/firebase%2Funiv%2Fsoongsil.jpg?alt=media
숭실대학교,전자정보공학부(전자공학전공),https://firebasestorage.googleapis.com/v0/b/ipsi-f2028.firebasestorage.app/o/firebase%2Funiv%2Fsoongsil.jpg?alt=media
숭실대학교,차세대반도체학과,https://firebasestorage.googleapis.com/v0/b/ipsi-f2028.firebasestorage.app/o/firebase%2Funiv%2Fsoongsil.jpg?alt=media
숭실대학교,신소재공학과,https://firebasestorage.googleapis.com/v0/b/ipsi-f2028.firebasestorage.app/o/firebase%2Funiv%2Fsoongsil.jpg?alt=media
숭실대학교,유기신소재ㆍ파이버공학과,https://firebasestorage.googleapis.com/v0/b/ipsi-f2028.firebasestorage.app/o/firebase%2Funiv%2Fsoongsil.jpg?alt=media
숭실대학교,컴퓨터학부,https://firebasestorage.googleapis.com/v0/b/ipsi-f2028.firebasestorage.app/o/firebase%2Funiv%2Fsoongsil.jpg?alt=media
숭실대학교,글로벌미디어학부,https://firebasestorage.googleapis.com/v0/b/ipsi-f2028.firebasestorage.app/o/firebase%2Funiv%2Fsoongsil.jpg?alt=media
숭실대학교,소프트웨어학부,https://firebasestorage.googleapis.com/v0/b/ipsi-f2028.firebasestorage.app/o/firebase%2Funiv%2Fsoongsil.jpg?alt=media
숭실대학교,전자정보공학부(IT융합전공),https://firebasestorage.googleapis.com/v0/b/ipsi-f2028.firebasestorage.app/o/firebase%2Funiv%2Fsoongsil.jpg?alt=media
숭실대학교,산업ㆍ정보시스템공학과,https://firebasestorage.googleapis.com/v0/b/ipsi-f2028.firebasestorage.app/o/firebase%2Funiv%2Fsoongsil.jpg?alt=media
숭실대학교,화학공학과,https://firebasestorage.googleapis.com/v0/b/ipsi-f2028.firebasestorage.app/o/firebase%2Funiv%2Fsoongsil.jpg?alt=media
숭실대학교,융합특성화자 유전공학부,https://firebasestorage.googleapis.com/v0/b/ipsi-f2028.firebasestorage.app/o/firebase%2Funiv%2Fsoongsil.jpg?alt=media
숭실대학교,AI융합학부,https://firebasestorage.googleapis.com/v0/b/ipsi-f2028.firebasestorage.app/o/firebase%2Funiv%2Fsoongsil.jpg?alt=media
숭실대학교,의생명시스템학부,https://firebasestorage.googleapis.com/v0/b/ipsi-f2028.firebasestorage.app/o/firebase%2Funiv%2Fsoongsil.jpg?alt=media
숭실대학교,화학과,https://firebasestorage.googleapis.com/v0/b/ipsi-f2028.firebasestorage.app/o/firebase%2Funiv%2Fsoongsil.jpg?alt=media
숭실대학교,수학과,https://firebasestorage.googleapis.com/v0/b/ipsi-f2028.firebasestorage.app/o/firebase%2Funiv%2Fsoongsil.jpg?alt=media
숭실대학교,정보통계ㆍ보험수리학과,https://firebasestorage.googleapis.com/v0/b/ipsi-f2028.firebasestorage.app/o/firebase%2Funiv%2Fsoongsil.jpg?alt=media
숭실대학교,물리학과,https://firebasestorage.googleapis.com/v0/b/ipsi-f2028.firebasestorage.app/o/firebase%2Funiv%2Fsoongsil.jpg?alt=media
숭실대학교,스포츠학부,https://firebasestorage.googleapis.com/v0/b/ipsi-f2028.firebasestorage.app/o/firebase%2Funiv%2Fsoongsil.jpg?alt=media
숭실대학교,예술창작학부(영화예술전공),https://firebasestorage.googleapis.com/v0/b/ipsi-f2028.firebasestorage.app/o/firebase%2Funiv%2Fsoongsil.jpg?alt=media
동국대학교,국어국문학과,https://firebasestorage.googleapis.com/v0/b/ipsi-f2028.firebasestorage.app/o/firebase%2Funiv%2Fdongguk.jpg?alt=media
동국대학교,문예창작학과,https://firebasestorage.googleapis.com/v0/b/ipsi-f2028.firebasestorage.app/o/firebase%2Funiv%2Fdongguk.jpg?alt=media
동국대학교,문예창작학전공,https://firebasestorage.googleapis.com/v0/b/ipsi-f2028.firebasestorage.app/o/firebase%2Funiv%2Fdongguk.jpg?alt=media
동국대학교,국어국문문예창작학부,https://firebasestorage.googleapis.com/v0/b/ipsi-f2028.firebasestorage.app/o/firebase%2Funiv%2Fdongguk.jpg?alt=media
동국대학교,일어일문학과,https://firebasestorage.googleapis.com/v0/b/ipsi-f2028.firebasestorage.app/o/firebase%2Funiv%2Fdongguk.jpg?alt=media
동국대학교,중어중문학과,https://firebasestorage.googleapis.com/v0/b/ipsi-f2028.firebasestorage.app/o/firebase%2Funiv%2Fdongguk.jpg?alt=media
동국대학교,영어영문학부(영어통번역학전공),https://firebasestorage.googleapis.com/v0/b/ipsi-f2028.firebasestorage.app/o/firebase%2Funiv%2Fdongguk.jpg?alt=media
동국대학교,영어영문학부(영어문학전공),https://firebasestorage.googleapis.com/v0/b/ipsi-f2028.firebasestorage.app/o/firebase%2Funiv%2Fdongguk.jpg?alt=media
동국대학교,문화재학과,https://firebasestorage.googleapis.com/v0/b/ipsi-f2028.firebasestorage.app/o/firebase%2Funiv%2Fdongguk.jpg?alt=media
동국대학교,철학윤리문화학부 독어문화학 전공,https://firebasestorage.googleapis.com/v0/b/ipsi-f2028.firebasestorage.app/o/firebase%2Funiv%2Fdongguk.jpg?alt=media
동국대학교,사학과,https://firebasestorage.googleapis.com/v0/b/ipsi-f2028.firebasestorage.app/o/firebase%2Funiv%2Fdongguk.jpg?alt=media
동국대학교,불교학과,https://firebasestorage.googleapis.com/v0/b/ipsi-f2028.firebasestorage.app/o/firebase%2Funiv%2Fdongguk.jpg?alt=media
동국대학교,일본학과,https://firebasestorage.googleapis.com/v0/b/ipsi-f2028.firebasestorage.app/o/firebase%2Funiv%2Fdongguk.jpg?alt=media
동국대학교,정치행정학부 북한학 전공,https://firebasestorage.googleapis.com/v0/b/ipsi-f2028.firebasestorage.app/o/firebase%2Funiv%2Fdongguk.jpg?alt=media
동국대학교,철학과,https://firebasestorage.googleapis.com/v0/b/ipsi-f2028.firebasestorage.app/o/firebase%2Funiv%2Fdongguk.jpg?alt=media
동국대학교,교양학부,https://firebasestorage.googleapis.com/v0/b/ipsi-f2028.firebasestorage.app/o/firebase%2Funiv%2Fdongguk.jpg?alt=media
동국대학교,경영정보학과,https://firebasestorage.googleapis.com/v0/b/ipsi-f2028.firebasestorage.app/o/firebase%2Funiv%2Fdongguk.jpg?alt=media
동국대학교,경영학과,https://firebasestorage.googleapis.com/v0/b/ipsi-f2028.firebasestorage.app/o/firebase%2Funiv%2Fdongguk.jpg?alt=media
동국대학교,경제학과,https://firebasestorage.googleapis.com/v0/b/ipsi-f2028.firebasestorage.app/o/firebase%2Funiv%2Fdongguk.jpg?alt=media
동국대학교,광고홍보학과,https://firebasestorage.googleapis.com/v0/b/ipsi-f2028.firebasestorage.app/o/firebase%2Funiv%2Fdongguk.jpg?alt=media
동국대학교,회계학과,https://firebasestorage.googleapis.com/v0/b/ipsi-f2028.firebasestorage.app/o/firebase%2Funiv%2Fdongguk.jpg?alt=media
동국대학교,국제통상학과,https://firebasestorage.googleapis.com/v0/b/ipsi-f2028.firebasestorage.app/o/firebase%2Funiv%2Fdongguk.jpg?alt=media
동국대학교,글로벌무역학과,https://firebasestorage.googleapis.com/v0/b/ipsi-f2028.firebasestorage.app/o/firebase%2Funiv%2Fdongguk.jpg?alt=media
동국대학교,법학과,https://firebasestorage.googleapis.com/v0/b/ipsi-f2028.firebasestorage.app/o/firebase%2Funiv%2Fdongguk.jpg?alt=media
동국대학교,사회복지학과,https://firebasestorage.googleapis.com/v0/b/ipsi-f2028.firebasestorage.app/o/firebase%2Funiv%2Fdongguk.jpg?alt=media
동국대학교,정치행정학부 정치외교학 전공,https://firebasestorage.googleapis.com/v0/b/ipsi-f2028.firebasestorage.app/o/firebase%2Funiv%2Fdongguk.jpg?alt=media
동국대학교,경찰행정학부,https://firebasestorage.googleapis.com/v0/b/ipsi-f2028.firebasestorage.app/o/firebase%2Funiv%2Fdongguk.jpg?alt=media
동국대학교,정치행정학부 행정학전공,https://firebasestorage.googleapis.com/v0/b/ipsi-f2028.firebasestorage.app/o/firebase%2Funiv%2Fdongguk.jpg?alt=media
동국대학교,공공인재융합전공,https://firebasestorage.googleapis.com/v0/b/ipsi-f2028.firebasestorage.app/o/firebase%2Funiv%2Fdongguk.jpg?alt=media
동국대학교,교육학과,https://firebasestorage.googleapis.com/v0/b/ipsi-f2028.firebasestorage.app/o/firebase%2Funiv%2Fdongguk.jpg?alt=media
동국대학교,국어교육과,https://firebasestorage.googleapis.com/v0/b/ipsi-f2028.firebasestorage.app/o/firebase%2Funiv%2Fdongguk.jpg?alt=media
동국대학교,역사교육과,https://firebasestorage.googleapis.com/v0/b/ipsi-f2028.firebasestorage.app/o/firebase%2Funiv%2Fdongguk.jpg?alt=media
동국대학교,지리교육과,https://firebasestorage.googleapis.com/v0/b/ipsi-f2028.firebasestorage.app/o/firebase%2Funiv%2Fdongguk.jpg?alt=media
동국대학교,가정교육과,https://firebasestorage.googleapis.com/v0/b/ipsi-f2028.firebasestorage.app/o/firebase%2Funiv%2Fdongguk.jpg?alt=media
동국대학교,수학교육과,https://firebasestorage.googleapis.com/v0/b/ipsi-f2028.firebasestorage.app/o/firebase%2Funiv%2Fdongguk.jpg?alt=media
동국대학교,체육교육과,https://firebasestorage.googleapis.com/v0/b/ipsi-f2028.firebasestorage.app/o/firebase%2Funiv%2Fdongguk.jpg?alt=media
동국대학교,건축공학부(건축공학전공),https://firebasestorage.googleapis.com/v0/b/ipsi-f2028.firebasestorage.app/o/firebase%2Funiv%2Fdongguk.jpg?alt=media
동국대학교,건축공학부(건축학전공),https://firebasestorage.googleapis.com/v0/b/ipsi-f2028.firebasestorage.app/o/firebase%2Funiv%2Fdongguk.jpg?alt=media
동국대학교,건설환경공학과,https://firebasestorage.googleapis.com/v0/b/ipsi-f2028.firebasestorage.app/o/firebase%2Funiv%2Fdongguk.jpg?alt=media
동국대학교,기계공학과,https://firebasestorage.googleapis.com/v0/b/ipsi-f2028.firebasestorage.app/o/firebase%2Funiv%2Fdongguk.jpg?alt=media
동국대학교,전자전기공학부,https://firebasestorage.googleapis.com/v0/b/ipsi-f2028.firebasestorage.app/o/firebase%2Funiv%2Fdongguk.jpg?alt=media
동국대학교,전자전기공학전공,https://firebasestorage.googleapis.com/v0/b/ipsi-f2028.firebasestorage.app/o/firebase%2Funiv%2Fdongguk.jpg?alt=media
동국대학교,기계로봇에너지공학과,https://firebasestorage.googleapis.com/v0/b/ipsi-f2028.firebasestorage.app/o/firebase%2Funiv%2Fdongguk.jpg?alt=media
동국대학교,물리반도체과학부,https://firebasestorage.googleapis.com/v0/b/ipsi-f2028.firebasestorage.app/o/firebase%2Funiv%2Fdongguk.jpg?alt=media
동국대학교,반도체과학전공,https://firebasestorage.googleapis.com/v0/b/ipsi-f2028.firebasestorage.app/o/firebase%2Funiv%2Fdongguk.jpg?alt=media
동국대학교,시스템반도체학부,https://firebasestorage.googleapis.com/v0/b/ipsi-f2028.firebasestorage.app/o/firebase%2Funiv%2Fdongguk.jpg?alt=media
동국대학교,에너지신소재공학과,https://firebasestorage.googleapis.com/v0/b/ipsi-f2028.firebasestorage.app/o/firebase%2Funiv%2Fdongguk.jpg?alt=media
동국대학교,융합에너지신소재공학과,https://firebasestorage.googleapis.com/v0/b/ipsi-f2028.firebasestorage.app/o/firebase%2Funiv%2Fdongguk.jpg?alt=media
동국대학교,멀티미디어공학과,https://firebasestorage.googleapis.com/v0/b/ipsi-f2028.firebasestorage.app/o/firebase%2Funiv%2Fdongguk.jpg?alt=media
동국대학교,인공지능전공,https://firebasestorage.googleapis.com/v0/b/ipsi-f2028.firebasestorage.app/o/firebase%2Funiv%2Fdongguk.jpg?alt=media
동국대학교,컴퓨터공학전공,https://firebasestorage.googleapis.com/v0/b/ipsi-f2028.firebasestorage.app/o/firebase%2Funiv%2Fdongguk.jpg?alt=media
동국대학교,IT학부 컴퓨터공학전공,https://firebasestorage.googleapis.com/v0/b/ipsi-f2028.firebasestorage.app/o/firebase%2Funiv%2Fdongguk.jpg?alt=media
동국대학교,데이터사이언스전공,https://firebasestorage.googleapis.com/v0/b/ipsi-f2028.firebasestorage.app/o/firebase%2Funiv%2Fdongguk.jpg?alt=media
동국대학교,AI소프트웨어융합학부,https://firebasestorage.googleapis.com/v0/b/ipsi-f2028.firebasestorage.app/o/firebase%2Funiv%2Fdongguk.jpg?alt=media
동국대학교,멀티미디어소프트웨어공학전공,https://firebasestorage.googleapis.com/v0/b/ipsi-f2028.firebasestorage.app/o/firebase%2Funiv%2Fdongguk.jpg?alt=media
동국대학교,정보통신공학과,https://firebasestorage.googleapis.com/v0/b/ipsi-f2028.firebasestorage.app/o/firebase%2Funiv%2Fdongguk.jpg?alt=media
동국대학교,컴퓨터정보통신공학부 컴퓨터공학전공,https://firebasestorage.googleapis.com/v0/b/ipsi-f2028.firebasestorage.app/o/firebase%2Funiv%2Fdongguk.jpg?alt=media
동국대학교,컴퓨터정보통신공학부 정보통신공학전공,https://firebasestorage.googleapis.com/v0/b/ipsi-f2028.firebasestorage.app/o/firebase%2Funiv%2Fdongguk.jpg?alt=media
동국대학교,IT학부 정보통신공학전공,https://firebasestorage.googleapis.com/v0/b/ipsi-f2028.firebasestorage.app/o/firebase%2Funiv%2Fdongguk.jpg?alt=media
동국대학교,융합보안학과,https://firebasestorage.googleapis.com/v0/b/ipsi-f2028.firebasestorage.app/o/firebase%2Funiv%2Fdongguk.jpg?alt=media
동국대학교,산업시스템공학과,https://firebasestorage.googleapis.com/v0/b/ipsi-f2028.firebasestorage.app/o/firebase%2Funiv%2Fdongguk.jpg?alt=media
동국대학교,화공생물공학과,https://firebasestorage.googleapis.com/v0/b/ipsi-f2028.firebasestorage.app/o/firebase%2Funiv%2Fdongguk.jpg?alt=media
동국대학교,AI융합학부,https://firebasestorage.googleapis.com/v0/b/ipsi-f2028.firebasestorage.app/o/firebase%2Funiv%2Fdongguk.jpg?alt=media
동국대학교,생명과학과,https://firebasestorage.googleapis.com/v0/b/ipsi-f2028.firebasestorage.app/o/firebase%2Funiv%2Fdongguk.jpg?alt=media
동국대학교,의생명공학과,https://firebasestorage.googleapis.com/v0/b/ipsi-f2028.firebasestorage.app/o/firebase%2Funiv%2Fdongguk.jpg?alt=media
동국대학교,산림자원학과,https://firebasestorage.googleapis.com/v0/b/ipsi-f2028.firebasestorage.app/o/firebase%2Funiv%2Fdongguk.jpg?alt=media
동국대학교,화학과,https://firebasestorage.googleapis.com/v0/b/ipsi-f2028.firebasestorage.app/o/firebase%2Funiv%2Fdongguk.jpg?alt=media
동국대학교,사회환경시스템공학과,https://firebasestorage.googleapis.com/v0/b/ipsi-f2028.firebasestorage.app/o/firebase%2Funiv%2Fdongguk.jpg?alt=media
동국대학교,바이오환경과학과,https://firebasestorage.googleapis.com/v0/b/ipsi-f2028.firebasestorage.app/o/firebase%2Funiv%2Fdongguk.jpg?alt=media
동국대학교,식품생명공학과,https://firebasestorage.googleapis.com/v0/b/ipsi-f2028.firebasestorage.app/o/firebase%2Funiv%2Fdongguk.jpg?alt=media
동국대학교,식품산업관리학과,https://firebasestorage.googleapis.com/v0/b/ipsi-f2028.firebasestorage.app/o/firebase%2Funiv%2Fdongguk.jpg?alt=media
동국대학교,수학과,https://firebasestorage.googleapis.com/v0/b/ipsi-f2028.firebasestorage.app/o/firebase%2Funiv%2Fdongguk.jpg?alt=media
동국대학교,통계학과,https://firebasestorage.googleapis.com/v0/b/ipsi-f2028.firebasestorage.app/o/firebase%2Funiv%2Fdongguk.jpg?alt=media
동국대학교,물리학과,https://firebasestorage.googleapis.com/v0/b/ipsi-f2028.firebasestorage.app/o/firebase%2Funiv%2Fdongguk.jpg?alt=media
동국대학교,영화영상학과,https://firebasestorage.googleapis.com/v0/b/ipsi-f2028.firebasestorage.app/o/firebase%2Funiv%2Fdongguk.jpg?alt=media
동국대학교,스포츠문화학과,https://firebasestorage.googleapis.com/v0/b/ipsi-f2028.firebasestorage.app/o/firebase%2Funiv%2Fdongguk.jpg?alt=media
동국대학교,미술학부(한국화),https://firebasestorage.googleapis.com/v0/b/ipsi-f2028.firebasestorage.app/o/firebase%2Funiv%2Fdongguk.jpg?alt=media
동국대학교,미술학부(불교미술),https://firebasestorage.googleapis.com/v0/b/ipsi-f2028.firebasestorage.app/o/firebase%2Funiv%2Fdongguk.jpg?alt=media
동국대학교,미술학부(서양화),https://firebasestorage.googleapis.com/v0/b/ipsi-f2028.firebasestorage.app/o/firebase%2Funiv%2Fdongguk.jpg?alt=media
동국대학교,미술학부(조소),https://firebasestorage.googleapis.com/v0/b/ipsi-f2028.firebasestorage.app/o/firebase%2Funiv%2Fdongguk.jpg?alt=media
동국대학교,연극학부,https://firebasestorage.googleapis.com/v0/b/ipsi-f2028.firebasestorage.app/o/firebase%2Funiv%2Fdongguk.jpg?alt=media
동국대학교,한국음악과,https://firebasestorage.googleapis.com/v0/b/ipsi-f2028.firebasestorage.app/o/firebase%2Funiv%2Fdongguk.jpg?alt=media
